"","Treatment","Trial","Date_time_before","Date_time_after","Pred_treatment","Urch_habitat_treatment","Tank","Kelp_ID","Kelp_color","Kelp_weight_before_g","Kelp_weight_after_g","Notes","inner_outer","slice","pcnt_grazed","avg_pycno1_slice","avg_pycno2_slice","up_dn_pyc1_ratio","up_dn_pyc2_ratio","dist_slice_avgpyc1","dist_slice_avgpyc2"
"1","Control_B",1,2024-07-09,2024-07-13,"Control","B",4,1,"Black",74.1,53,NA,"outer",1,28.4750337381916,NA,NA,1,1,100,100
"2","Control_B",1,2024-07-09,2024-07-13,"Control","B",4,2,"Black",55.4,42.3,NA,"outer",2,23.6462093862816,NA,NA,1,1,100,100
"3","Control_B",1,2024-07-09,2024-07-13,"Control","B",4,3,"Black",49.2,9.5,NA,"outer",3,80.6910569105691,NA,NA,1,1,100,100
"4","Control_B",1,2024-07-09,2024-07-13,"Control","B",4,4,"Black",54.5,42.6,NA,"outer",4,21.8348623853211,NA,NA,1,1,100,100
"5","Control_B",1,2024-07-09,2024-07-13,"Control","B",4,5,"Black",75.5,71.9,NA,"outer",5,4.76821192052979,NA,NA,1,1,100,100
"6","Control_B",1,2024-07-09,2024-07-13,"Control","B",4,6,"Black",69,59.1,NA,"outer",6,14.3478260869565,NA,NA,1,1,100,100
"7","Control_B",1,2024-07-09,2024-07-13,"Control","B",4,7,"Black",69,58,NA,"outer",7,15.9420289855072,NA,NA,1,1,100,100
"8","Control_B",1,2024-07-09,2024-07-13,"Control","B",4,8,"Black",66.8,56.1,NA,"outer",8,16.0179640718563,NA,NA,1,1,100,100
"9","Control_B",1,2024-07-09,2024-07-13,"Control","B",4,9,"Black",55.2,50,NA,"inner",1.5,9.42028985507247,NA,NA,1,1,100,100
"10","Control_B",1,2024-07-09,2024-07-13,"Control","B",4,10,"Black",53,47.2,NA,"inner",3.5,10.9433962264151,NA,NA,1,1,100,100
"11","Control_B",1,2024-07-09,2024-07-13,"Control","B",4,11,"Black",50,51.2,NA,"inner",5.5,-2.40000000000001,NA,NA,1,1,100,100
"12","Control_B",1,2024-07-09,2024-07-13,"Control","B",4,12,"Black",48.6,46.7,NA,"inner",7.5,3.90946502057613,NA,NA,1,1,100,100
"13","Control_B",10,2024-08-13,2024-08-17,"Control","B",3,1,"Blue",62.3,57.7,NA,"outer",1,7.3836276083467,NA,NA,1,1,100,100
"14","Control_B",10,2024-08-13,2024-08-17,"Control","B",3,2,"Blue",65.4,59.6,NA,"outer",2,8.86850152905199,NA,NA,1,1,100,100
"15","Control_B",10,2024-08-13,2024-08-17,"Control","B",3,3,"Blue",63.4,46.9,NA,"outer",3,26.0252365930599,NA,NA,1,1,100,100
"16","Control_B",10,2024-08-13,2024-08-17,"Control","B",3,4,"Blue",57.8,50.6,NA,"outer",4,12.4567474048443,NA,NA,1,1,100,100
"17","Control_B",10,2024-08-13,2024-08-17,"Control","B",3,5,"Blue",51.3,43.9,NA,"outer",5,14.4249512670565,NA,NA,1,1,100,100
"18","Control_B",10,2024-08-13,2024-08-17,"Control","B",3,6,"Blue",39.3,22,NA,"outer",6,44.0203562340967,NA,NA,1,1,100,100
"19","Control_B",10,2024-08-13,2024-08-17,"Control","B",3,7,"Blue",45.2,41.2,NA,"outer",7,8.84955752212389,NA,NA,1,1,100,100
"20","Control_B",10,2024-08-13,2024-08-17,"Control","B",3,8,"Blue",36.1,37,NA,"outer",8,-2.49307479224376,NA,NA,1,1,100,100
"21","Control_B",10,2024-08-13,2024-08-17,"Control","B",3,9,"Blue",39.8,35,NA,"inner",1.5,12.0603015075377,NA,NA,1,1,100,100
"22","Control_B",10,2024-08-13,2024-08-17,"Control","B",3,10,"Blue",73.5,69.3,NA,"inner",3.5,5.71428571428572,NA,NA,1,1,100,100
"23","Control_B",10,2024-08-13,2024-08-17,"Control","B",3,11,"Blue",35.4,32.8,NA,"inner",5.5,7.34463276836159,NA,NA,1,1,100,100
"24","Control_B",10,2024-08-13,2024-08-17,"Control","B",3,12,"Blue",48,47,NA,"inner",7.5,2.08333333333333,NA,NA,1,1,100,100
"25","Control_B",11,2024-08-19,2024-08-22,"Control","B",4,1,"Black",54.2,48.8,NA,"outer",1,9.96309963099632,NA,NA,1,1,100,100
"26","Control_B",11,2024-08-19,2024-08-22,"Control","B",4,2,"Black",57.9,39.9,NA,"outer",2,31.0880829015544,NA,NA,1,1,100,100
"27","Control_B",11,2024-08-19,2024-08-22,"Control","B",4,3,"Black",54.7,49.6,NA,"outer",3,9.3235831809872,NA,NA,1,1,100,100
"28","Control_B",11,2024-08-19,2024-08-22,"Control","B",4,4,"Black",61.1,57.7,NA,"outer",4,5.5646481178396,NA,NA,1,1,100,100
"29","Control_B",11,2024-08-19,2024-08-22,"Control","B",4,5,"Black",57.8,20.9,NA,"outer",5,63.840830449827,NA,NA,1,1,100,100
"30","Control_B",11,2024-08-19,2024-08-22,"Control","B",4,6,"Black",43,28.5,NA,"outer",6,33.7209302325581,NA,NA,1,1,100,100
"31","Control_B",11,2024-08-19,2024-08-22,"Control","B",4,7,"Black",44.8,31.5,NA,"outer",7,29.6875,NA,NA,1,1,100,100
"32","Control_B",11,2024-08-19,2024-08-22,"Control","B",4,8,"Black",47.9,31,NA,"outer",8,35.2818371607516,NA,NA,1,1,100,100
"33","Control_B",11,2024-08-19,2024-08-22,"Control","B",4,9,"Black",49.8,49.8,NA,"inner",1.5,0,NA,NA,1,1,100,100
"34","Control_B",11,2024-08-19,2024-08-22,"Control","B",4,10,"Black",49.3,48.5,NA,"inner",3.5,1.62271805273833,NA,NA,1,1,100,100
"35","Control_B",11,2024-08-19,2024-08-22,"Control","B",4,11,"Black",65.4,63.9,NA,"inner",5.5,2.29357798165139,NA,NA,1,1,100,100
"36","Control_B",11,2024-08-19,2024-08-22,"Control","B",4,12,"Black",66.2,63.8,NA,"inner",7.5,3.62537764350454,NA,NA,1,1,100,100
"37","Control_B",12,2024-08-24,NA,"Control","B",4,1,"Black",48.4,43.3,NA,"outer",1,10.5371900826446,NA,NA,1,1,100,100
"38","Control_B",12,2024-08-24,NA,"Control","B",4,2,"Black",48.2,9.5,NA,"outer",2,80.2904564315353,NA,NA,1,1,100,100
"39","Control_B",12,2024-08-24,NA,"Control","B",4,3,"Black",64.5,62.4,NA,"outer",3,3.25581395348837,NA,NA,1,1,100,100
"40","Control_B",12,2024-08-24,NA,"Control","B",4,4,"Black",63.6,49.6,NA,"outer",4,22.0125786163522,NA,NA,1,1,100,100
"41","Control_B",12,2024-08-24,NA,"Control","B",4,5,"Black",56.1,48.2,NA,"outer",5,14.0819964349376,NA,NA,1,1,100,100
"42","Control_B",12,2024-08-24,NA,"Control","B",4,6,"Black",51.4,44.6,NA,"outer",6,13.2295719844358,NA,NA,1,1,100,100
"43","Control_B",12,2024-08-24,NA,"Control","B",4,7,"Black",53.5,52.1,NA,"outer",7,2.61682242990654,NA,NA,1,1,100,100
"44","Control_B",12,2024-08-24,NA,"Control","B",4,8,"Black",55,48.6,NA,"outer",8,11.6363636363636,NA,NA,1,1,100,100
"45","Control_B",12,2024-08-24,NA,"Control","B",4,9,"Black",41.8,31.9,NA,"inner",1.5,23.6842105263158,NA,NA,1,1,100,100
"46","Control_B",12,2024-08-24,NA,"Control","B",4,10,"Black",43.6,36.8,NA,"inner",3.5,15.5963302752294,NA,NA,1,1,100,100
"47","Control_B",12,2024-08-24,NA,"Control","B",4,11,"Black",46.3,44.2,NA,"inner",5.5,4.53563714902807,NA,NA,1,1,100,100
"48","Control_B",12,2024-08-24,NA,"Control","B",4,12,"Black",59.5,58.9,NA,"inner",7.5,1.00840336134454,NA,NA,1,1,100,100
"49","Control_B",2,2024-07-12,2024-07-17,"Control","B",2,1,"Red",41.5,41.8,NA,"outer",1,-0.722891566265053,NA,NA,1,1,100,100
"50","Control_B",2,2024-07-12,2024-07-17,"Control","B",2,2,"Red",40.1,9.2,NA,"outer",2,77.0573566084788,NA,NA,1,1,100,100
"51","Control_B",2,2024-07-12,2024-07-17,"Control","B",2,3,"Red",42.5,11.2,NA,"outer",3,73.6470588235294,NA,NA,1,1,100,100
"52","Control_B",2,2024-07-12,2024-07-17,"Control","B",2,4,"Red",46.6,40.7,NA,"outer",4,12.6609442060086,NA,NA,1,1,100,100
"53","Control_B",2,2024-07-12,2024-07-17,"Control","B",2,5,"Red",54,50.7,NA,"outer",5,6.11111111111111,NA,NA,1,1,100,100
"54","Control_B",2,2024-07-12,2024-07-17,"Control","B",2,6,"Red",37.7,41.1,NA,"outer",6,-9.01856763925729,NA,NA,1,1,100,100
"55","Control_B",2,2024-07-12,2024-07-17,"Control","B",2,7,"Red",54.4,42.3,NA,"outer",7,22.2426470588235,NA,NA,1,1,100,100
"56","Control_B",2,2024-07-12,2024-07-17,"Control","B",2,8,"Red",52.4,39.9,NA,"outer",8,23.8549618320611,NA,NA,1,1,100,100
"57","Control_B",2,2024-07-12,2024-07-17,"Control","B",2,9,"Red",57.1,53.5,NA,"inner",1.5,6.30472854640981,NA,NA,1,1,100,100
"58","Control_B",2,2024-07-12,2024-07-17,"Control","B",2,10,"Red",27.2,27.2,NA,"inner",3.5,0,NA,NA,1,1,100,100
"59","Control_B",2,2024-07-12,2024-07-17,"Control","B",2,11,"Red",26.1,26.8,NA,"inner",5.5,-2.68199233716475,NA,NA,1,1,100,100
"60","Control_B",2,2024-07-12,2024-07-17,"Control","B",2,12,"Red",25.2,24.2,NA,"inner",7.5,3.96825396825397,NA,NA,1,1,100,100
"61","Control_B",3,2024-07-16,2024-07-20,"Control","B",3,1,"Blue",25.7,10.4,NA,"outer",1,59.5330739299611,NA,NA,1,1,100,100
"62","Control_B",3,2024-07-16,2024-07-20,"Control","B",3,2,"Blue",24.3,7.6,NA,"outer",2,68.724279835391,NA,NA,1,1,100,100
"63","Control_B",3,2024-07-16,2024-07-20,"Control","B",3,3,"Blue",36.6,27.9,NA,"outer",3,23.7704918032787,NA,NA,1,1,100,100
"64","Control_B",3,2024-07-16,2024-07-20,"Control","B",3,4,"Blue",41.2,30.6,NA,"outer",4,25.7281553398058,NA,NA,1,1,100,100
"65","Control_B",3,2024-07-16,2024-07-20,"Control","B",3,5,"Blue",29.8,11.5,NA,"outer",5,61.4093959731544,NA,NA,1,1,100,100
"66","Control_B",3,2024-07-16,2024-07-20,"Control","B",3,6,"Blue",54.9,24.3,NA,"outer",6,55.7377049180328,NA,NA,1,1,100,100
"67","Control_B",3,2024-07-16,2024-07-20,"Control","B",3,7,"Blue",59,62.7,NA,"outer",7,-6.27118644067797,NA,NA,1,1,100,100
"68","Control_B",3,2024-07-16,2024-07-20,"Control","B",3,8,"Blue",32,12.3,NA,"outer",8,61.5625,NA,NA,1,1,100,100
"69","Control_B",3,2024-07-16,2024-07-20,"Control","B",3,9,"Blue",60.6,58.7,NA,"inner",1.5,3.13531353135313,NA,NA,1,1,100,100
"70","Control_B",3,2024-07-16,2024-07-20,"Control","B",3,10,"Blue",56.2,59.6,NA,"inner",3.5,-6.04982206405694,NA,NA,1,1,100,100
"71","Control_B",3,2024-07-16,2024-07-20,"Control","B",3,11,"Blue",22.4,22.4,NA,"inner",5.5,0,NA,NA,1,1,100,100
"72","Control_B",3,2024-07-16,2024-07-20,"Control","B",3,12,"Blue",42.9,45.2,NA,"inner",7.5,-5.36130536130537,NA,NA,1,1,100,100
"73","Control_B",4,2024-07-18,2024-07-24,"Control","B",1,1,"Green",78.4,11.5,NA,"outer",1,85.3316326530612,NA,NA,1,1,100,100
"74","Control_B",4,2024-07-18,2024-07-24,"Control","B",1,2,"Green",40.6,22.4,NA,"outer",2,44.8275862068966,NA,NA,1,1,100,100
"75","Control_B",4,2024-07-18,2024-07-24,"Control","B",1,3,"Green",82.5,83,NA,"outer",3,-0.606060606060606,NA,NA,1,1,100,100
"76","Control_B",4,2024-07-18,2024-07-24,"Control","B",1,4,"Green",79.7,84.3,NA,"outer",4,-5.77164366373901,NA,NA,1,1,100,100
"77","Control_B",4,2024-07-18,2024-07-24,"Control","B",1,5,"Green",36.7,5.7,NA,"outer",5,84.4686648501362,NA,NA,1,1,100,100
"78","Control_B",4,2024-07-18,2024-07-24,"Control","B",1,6,"Green",78.9,45.4,NA,"outer",6,42.4588086185044,NA,NA,1,1,100,100
"79","Control_B",4,2024-07-18,2024-07-24,"Control","B",1,7,"Green",75.3,74.4,NA,"outer",7,1.19521912350596,NA,NA,1,1,100,100
"80","Control_B",4,2024-07-18,2024-07-24,"Control","B",1,8,"Green",32,26.5,NA,"outer",8,17.1875,NA,NA,1,1,100,100
"81","Control_B",4,2024-07-18,2024-07-24,"Control","B",1,9,"Green",48.3,51.7,NA,"inner",1.5,-7.0393374741201,NA,NA,1,1,100,100
"82","Control_B",4,2024-07-18,2024-07-24,"Control","B",1,10,"Green",42,40.7,NA,"inner",3.5,3.09523809523809,NA,NA,1,1,100,100
"83","Control_B",4,2024-07-18,2024-07-24,"Control","B",1,11,"Green",28.5,28.4,NA,"inner",5.5,0.350877192982461,NA,NA,1,1,100,100
"84","Control_B",4,2024-07-18,2024-07-24,"Control","B",1,12,"Green",24.7,16.6,NA,"inner",7.5,32.7935222672065,NA,NA,1,1,100,100
"85","Control_B",5,2024-07-23,2024-07-27,"Control","B",3,1,"Blue",55.4,23.5,NA,"outer",1,57.5812274368231,NA,NA,1,1,100,100
"86","Control_B",5,2024-07-23,2024-07-27,"Control","B",3,2,"Blue",48.9,44.9,NA,"outer",2,8.1799591002045,NA,NA,1,1,100,100
"87","Control_B",5,2024-07-23,2024-07-27,"Control","B",3,3,"Blue",60.8,62.1,NA,"outer",3,-2.13815789473685,NA,NA,1,1,100,100
"88","Control_B",5,2024-07-23,2024-07-27,"Control","B",3,4,"Blue",54.9,54.5,NA,"outer",4,0.728597449908923,NA,NA,1,1,100,100
"89","Control_B",5,2024-07-23,2024-07-27,"Control","B",3,5,"Blue",64.5,46.1,NA,"outer",5,28.5271317829457,NA,NA,1,1,100,100
"90","Control_B",5,2024-07-23,2024-07-27,"Control","B",3,6,"Blue",56.6,40.8,NA,"outer",6,27.9151943462898,NA,NA,1,1,100,100
"91","Control_B",5,2024-07-23,2024-07-27,"Control","B",3,7,"Blue",57.2,49.3,NA,"outer",7,13.8111888111888,NA,NA,1,1,100,100
"92","Control_B",5,2024-07-23,2024-07-27,"Control","B",3,8,"Blue",56,57.4,NA,"outer",8,-2.5,NA,NA,1,1,100,100
"93","Control_B",5,2024-07-23,2024-07-27,"Control","B",3,9,"Blue",59.8,59.9,NA,"inner",1.5,-0.167224080267561,NA,NA,1,1,100,100
"94","Control_B",5,2024-07-23,2024-07-27,"Control","B",3,10,"Blue",56.6,58.2,NA,"inner",3.5,-2.82685512367491,NA,NA,1,1,100,100
"95","Control_B",5,2024-07-23,2024-07-27,"Control","B",3,11,"Blue",33.7,32.6,NA,"inner",5.5,3.26409495548962,NA,NA,1,1,100,100
"96","Control_B",5,2024-07-23,2024-07-27,"Control","B",3,12,"Blue",36.9,37.2,NA,"inner",7.5,-0.813008130081312,NA,NA,1,1,100,100
"97","Control_B",6,2024-07-25,2025-07-31,"Control","B",1,1,"Green",40.6,10.4,NA,"outer",1,74.384236453202,NA,NA,1,1,100,100
"98","Control_B",6,2024-07-25,2025-07-31,"Control","B",1,2,"Green",24.6,4.8,NA,"outer",2,80.4878048780488,NA,NA,1,1,100,100
"99","Control_B",6,2024-07-25,2025-07-31,"Control","B",1,3,"Green",26.3,10.7,NA,"outer",3,59.3155893536122,NA,NA,1,1,100,100
"100","Control_B",6,2024-07-25,2025-07-31,"Control","B",1,4,"Green",21.4,14.7,NA,"outer",4,31.3084112149533,NA,NA,1,1,100,100
"101","Control_B",6,2024-07-25,2025-07-31,"Control","B",1,5,"Green",25.7,24.4,NA,"outer",5,5.05836575875487,NA,NA,1,1,100,100
"102","Control_B",6,2024-07-25,2025-07-31,"Control","B",1,6,"Green",70.8,35.7,NA,"outer",6,49.5762711864407,NA,NA,1,1,100,100
"103","Control_B",6,2024-07-25,2025-07-31,"Control","B",1,7,"Green",44.9,42.4,NA,"outer",7,5.56792873051225,NA,NA,1,1,100,100
"104","Control_B",6,2024-07-25,2025-07-31,"Control","B",1,8,"Green",27,21.8,NA,"outer",8,19.2592592592593,NA,NA,1,1,100,100
"105","Control_B",6,2024-07-25,2025-07-31,"Control","B",1,9,"Green",50.9,50.4,NA,"inner",1.5,0.982318271119843,NA,NA,1,1,100,100
"106","Control_B",6,2024-07-25,2025-07-31,"Control","B",1,10,"Green",34.9,35.2,NA,"inner",3.5,-0.859598853868207,NA,NA,1,1,100,100
"107","Control_B",6,2024-07-25,2025-07-31,"Control","B",1,11,"Green",31.3,31.5,NA,"inner",5.5,-0.638977635782745,NA,NA,1,1,100,100
"108","Control_B",6,2024-07-25,2025-07-31,"Control","B",1,12,"Green",42.3,38.1,NA,"inner",7.5,9.92907801418439,NA,NA,1,1,100,100
"109","Control_B",7,2024-07-29,2024-08-03,"Control","B",1,1,"Green",43,44.6,NA,"outer",1,-3.72093023255814,NA,NA,1,1,100,100
"110","Control_B",7,2024-07-29,2024-08-03,"Control","B",1,2,"Green",80.6,75.1,NA,"outer",2,6.82382133995037,NA,NA,1,1,100,100
"111","Control_B",7,2024-07-29,2024-08-03,"Control","B",1,3,"Green",34.3,31.6,NA,"outer",3,7.87172011661806,NA,NA,1,1,100,100
"112","Control_B",7,2024-07-29,2024-08-03,"Control","B",1,4,"Green",67.5,48.8,NA,"outer",4,27.7037037037037,NA,NA,1,1,100,100
"113","Control_B",7,2024-07-29,2024-08-03,"Control","B",1,5,"Green",74.9,49.8,NA,"outer",5,33.5113484646195,NA,NA,1,1,100,100
"114","Control_B",7,2024-07-29,2024-08-03,"Control","B",1,6,"Green",76.5,43.3,NA,"outer",6,43.3986928104575,NA,NA,1,1,100,100
"115","Control_B",7,2024-07-29,2024-08-03,"Control","B",1,7,"Green",30,30.6,NA,"outer",7,-2,NA,NA,1,1,100,100
"116","Control_B",7,2024-07-29,2024-08-03,"Control","B",1,8,"Green",83.2,53.2,NA,"outer",8,36.0576923076923,NA,NA,1,1,100,100
"117","Control_B",7,2024-07-29,2024-08-03,"Control","B",1,9,"Green",46.3,37.6,NA,"inner",1.5,18.7904967602592,NA,NA,1,1,100,100
"118","Control_B",7,2024-07-29,2024-08-03,"Control","B",1,10,"Green",37.4,35.3,NA,"inner",3.5,5.61497326203209,NA,NA,1,1,100,100
"119","Control_B",7,2024-07-29,2024-08-03,"Control","B",1,11,"Green",40.4,40.3,NA,"inner",5.5,0.247524752475251,NA,NA,1,1,100,100
"120","Control_B",7,2024-07-29,2024-08-03,"Control","B",1,12,"Green",37.1,36.7,NA,"inner",7.5,1.07816711590296,NA,NA,1,1,100,100
"121","Control_B",8,2024-08-05,2024-08-08,"Control","B",2,1,"Red",27,27.2,NA,"outer",1,-0.740740740740738,NA,NA,1,1,100,100
"122","Control_B",8,2024-08-05,2024-08-08,"Control","B",2,2,"Red",36.3,36.6,NA,"outer",2,-0.826446280991747,NA,NA,1,1,100,100
"123","Control_B",8,2024-08-05,2024-08-08,"Control","B",2,3,"Red",37.7,33.1,NA,"outer",3,12.2015915119363,NA,NA,1,1,100,100
"124","Control_B",8,2024-08-05,2024-08-08,"Control","B",2,4,"Red",35.4,32.1,NA,"outer",4,9.32203389830508,NA,NA,1,1,100,100
"125","Control_B",8,2024-08-05,2024-08-08,"Control","B",2,5,"Red",33.9,28.2,NA,"outer",5,16.8141592920354,NA,NA,1,1,100,100
"126","Control_B",8,2024-08-05,2024-08-08,"Control","B",2,6,"Red",33.2,33.6,NA,"outer",6,-1.20481927710843,NA,NA,1,1,100,100
"127","Control_B",8,2024-08-05,2024-08-08,"Control","B",2,7,"Red",29.5,29.7,NA,"outer",7,-0.677966101694913,NA,NA,1,1,100,100
"128","Control_B",8,2024-08-05,2024-08-08,"Control","B",2,8,"Red",36.6,33.4,NA,"outer",8,8.74316939890711,NA,NA,1,1,100,100
"129","Control_B",8,2024-08-05,2024-08-08,"Control","B",2,9,"Red",44.9,36.7,NA,"inner",1.5,18.2628062360802,NA,NA,1,1,100,100
"130","Control_B",8,2024-08-05,2024-08-08,"Control","B",2,10,"Red",54.8,48.7,NA,"inner",3.5,11.1313868613139,NA,NA,1,1,100,100
"131","Control_B",8,2024-08-05,2024-08-08,"Control","B",2,11,"Red",52.6,51.4,NA,"inner",5.5,2.28136882129278,NA,NA,1,1,100,100
"132","Control_B",8,2024-08-05,2024-08-08,"Control","B",2,12,"Red",67.1,67.6,NA,"inner",7.5,-0.745156482861401,NA,NA,1,1,100,100
"133","Control_B",9,2024-08-11,2024-08-14,"Control","B",4,1,"Black",29.6,30.7,NA,"outer",1,-3.71621621621621,NA,NA,1,1,100,100
"134","Control_B",9,2024-08-11,2024-08-14,"Control","B",4,2,"Black",66.4,63.5,NA,"outer",2,4.36746987951808,NA,NA,1,1,100,100
"135","Control_B",9,2024-08-11,2024-08-14,"Control","B",4,3,"Black",57.9,59.5,NA,"outer",3,-2.76338514680484,NA,NA,1,1,100,100
"136","Control_B",9,2024-08-11,2024-08-14,"Control","B",4,4,"Black",73.6,68.3,NA,"outer",4,7.20108695652174,NA,NA,1,1,100,100
"137","Control_B",9,2024-08-11,2024-08-14,"Control","B",4,5,"Black",54.2,54.6,NA,"outer",5,-0.738007380073798,NA,NA,1,1,100,100
"138","Control_B",9,2024-08-11,2024-08-14,"Control","B",4,6,"Black",63.2,60.8,NA,"outer",6,3.79746835443039,NA,NA,1,1,100,100
"139","Control_B",9,2024-08-11,2024-08-14,"Control","B",4,7,"Black",48.4,37.8,NA,"outer",7,21.900826446281,NA,NA,1,1,100,100
"140","Control_B",9,2024-08-11,2024-08-14,"Control","B",4,8,"Black",48.4,48.5,NA,"outer",8,-0.206611570247937,NA,NA,1,1,100,100
"141","Control_B",9,2024-08-11,2024-08-14,"Control","B",4,9,"Black",41.6,32.5,NA,"inner",1.5,21.875,NA,NA,1,1,100,100
"142","Control_B",9,2024-08-11,2024-08-14,"Control","B",4,10,"Black",33.4,28.2,NA,"inner",3.5,15.5688622754491,NA,NA,1,1,100,100
"143","Control_B",9,2024-08-11,2024-08-14,"Control","B",4,11,"Black",46.4,43.3,NA,"inner",5.5,6.68103448275862,NA,NA,1,1,100,100
"144","Control_B",9,2024-08-11,2024-08-14,"Control","B",4,12,"Black",45.4,45.8,NA,"inner",7.5,-0.881057268722464,NA,NA,1,1,100,100
"145","Control_KF",1,2024-07-09,2024-07-13,"Control","KF",1,1,"Green",58.8,58.9,NA,"outer",1,-0.170068027210887,NA,NA,1,1,100,100
"146","Control_KF",1,2024-07-09,2024-07-13,"Control","KF",1,2,"Green",70.9,72.6,NA,"outer",2,-2.39774330042312,NA,NA,1,1,100,100
"147","Control_KF",1,2024-07-09,2024-07-13,"Control","KF",1,3,"Green",68.2,67.9,NA,"outer",3,0.43988269794721,NA,NA,1,1,100,100
"148","Control_KF",1,2024-07-09,2024-07-13,"Control","KF",1,4,"Green",69.4,69.3,NA,"outer",4,0.144092219020185,NA,NA,1,1,100,100
"149","Control_KF",1,2024-07-09,2024-07-13,"Control","KF",1,5,"Green",68.4,70.5,NA,"outer",5,-3.07017543859648,NA,NA,1,1,100,100
"150","Control_KF",1,2024-07-09,2024-07-13,"Control","KF",1,6,"Green",68.1,63.1,NA,"outer",6,7.34214390602055,NA,NA,1,1,100,100
"151","Control_KF",1,2024-07-09,2024-07-13,"Control","KF",1,7,"Green",76.2,76.2,NA,"outer",7,0,NA,NA,1,1,100,100
"152","Control_KF",1,2024-07-09,2024-07-13,"Control","KF",1,8,"Green",73,74.9,NA,"outer",8,-2.6027397260274,NA,NA,1,1,100,100
"153","Control_KF",1,2024-07-09,2024-07-13,"Control","KF",1,9,"Green",66.5,67.3,NA,"inner",1.5,-1.20300751879699,NA,NA,1,1,100,100
"154","Control_KF",1,2024-07-09,2024-07-13,"Control","KF",1,10,"Green",79.7,81.4,NA,"inner",3.5,-2.13299874529486,NA,NA,1,1,100,100
"155","Control_KF",1,2024-07-09,2024-07-13,"Control","KF",1,11,"Green",92.6,92.2,NA,"inner",5.5,0.43196544276457,NA,NA,1,1,100,100
"156","Control_KF",1,2024-07-09,2024-07-13,"Control","KF",1,12,"Green",60.7,58.7,NA,"inner",7.5,3.29489291598023,NA,NA,1,1,100,100
"157","Control_KF",10,2024-08-13,2024-08-17,"Control","KF",1,1,"Green",70.6,71.6,NA,"outer",1,-1.41643059490085,NA,NA,1,1,100,100
"158","Control_KF",10,2024-08-13,2024-08-17,"Control","KF",1,2,"Green",74.2,74.7,NA,"outer",2,-0.673854447439353,NA,NA,1,1,100,100
"159","Control_KF",10,2024-08-13,2024-08-17,"Control","KF",1,3,"Green",74.4,71,NA,"outer",3,4.56989247311829,NA,NA,1,1,100,100
"160","Control_KF",10,2024-08-13,2024-08-17,"Control","KF",1,4,"Green",37.3,37.9,NA,"outer",4,-1.60857908847185,NA,NA,1,1,100,100
"161","Control_KF",10,2024-08-13,2024-08-17,"Control","KF",1,5,"Green",28.3,24.5,NA,"outer",5,13.4275618374558,NA,NA,1,1,100,100
"162","Control_KF",10,2024-08-13,2024-08-17,"Control","KF",1,6,"Green",32.7,28.6,NA,"outer",6,12.5382262996942,NA,NA,1,1,100,100
"163","Control_KF",10,2024-08-13,2024-08-17,"Control","KF",1,7,"Green",41.5,42.9,NA,"outer",7,-3.37349397590361,NA,NA,1,1,100,100
"164","Control_KF",10,2024-08-13,2024-08-17,"Control","KF",1,8,"Green",41.1,41.1,NA,"outer",8,0,NA,NA,1,1,100,100
"165","Control_KF",10,2024-08-13,2024-08-17,"Control","KF",1,9,"Green",51.1,51.3,NA,"inner",1.5,-0.391389432485315,NA,NA,1,1,100,100
"166","Control_KF",10,2024-08-13,2024-08-17,"Control","KF",1,10,"Green",57.4,57.6,NA,"inner",3.5,-0.348432055749134,NA,NA,1,1,100,100
"167","Control_KF",10,2024-08-13,2024-08-17,"Control","KF",1,11,"Green",33.4,33.4,NA,"inner",5.5,0,NA,NA,1,1,100,100
"168","Control_KF",10,2024-08-13,2024-08-17,"Control","KF",1,12,"Green",58.6,58.6,NA,"inner",7.5,0,NA,NA,1,1,100,100
"169","Control_KF",11,2024-08-19,2024-08-22,"Control","KF",3,1,"Blue",53.2,40.4,NA,"outer",1,24.0601503759399,NA,NA,1,1,100,100
"170","Control_KF",11,2024-08-19,2024-08-22,"Control","KF",3,2,"Blue",31.6,31.3,NA,"outer",2,0.949367088607597,NA,NA,1,1,100,100
"171","Control_KF",11,2024-08-19,2024-08-22,"Control","KF",3,3,"Blue",29.4,29,NA,"outer",3,1.36054421768707,NA,NA,1,1,100,100
"172","Control_KF",11,2024-08-19,2024-08-22,"Control","KF",3,4,"Blue",34.8,33.4,NA,"outer",4,4.02298850574712,NA,NA,1,1,100,100
"173","Control_KF",11,2024-08-19,2024-08-22,"Control","KF",3,5,"Blue",36.4,36.4,NA,"outer",5,0,NA,NA,1,1,100,100
"174","Control_KF",11,2024-08-19,2024-08-22,"Control","KF",3,6,"Blue",56.1,56.2,NA,"outer",6,-0.178253119429593,NA,NA,1,1,100,100
"175","Control_KF",11,2024-08-19,2024-08-22,"Control","KF",3,7,"Blue",37.9,37.3,NA,"outer",7,1.58311345646438,NA,NA,1,1,100,100
"176","Control_KF",11,2024-08-19,2024-08-22,"Control","KF",3,8,"Blue",56.6,57.1,NA,"outer",8,-0.88339222614841,NA,NA,1,1,100,100
"177","Control_KF",11,2024-08-19,2024-08-22,"Control","KF",3,9,"Blue",35.4,35.6,NA,"inner",1.5,-0.564971751412437,NA,NA,1,1,100,100
"178","Control_KF",11,2024-08-19,2024-08-22,"Control","KF",3,10,"Blue",47.8,48.4,NA,"inner",3.5,-1.25523012552302,NA,NA,1,1,100,100
"179","Control_KF",11,2024-08-19,2024-08-22,"Control","KF",3,11,"Blue",39.5,52.8,NA,"inner",5.5,-33.6708860759494,NA,NA,1,1,100,100
"180","Control_KF",11,2024-08-19,2024-08-22,"Control","KF",3,12,"Blue",59.3,59.9,NA,"inner",7.5,-1.01180438448567,NA,NA,1,1,100,100
"181","Control_KF",12,2024-08-24,2024-08-28,"Control","KF",1,1,"Green",63.4,65.2,NA,"outer",1,-2.83911671924291,NA,NA,1,1,100,100
"182","Control_KF",12,2024-08-24,NA,"Control","KF",1,2,"Green",51.1,52.9,NA,"outer",2,-3.5225048923679,NA,NA,1,1,100,100
"183","Control_KF",12,2024-08-24,NA,"Control","KF",1,3,"Green",29.4,29.5,NA,"outer",3,-0.340136054421774,NA,NA,1,1,100,100
"184","Control_KF",12,2024-08-24,NA,"Control","KF",1,4,"Green",23.6,24.4,NA,"outer",4,-3.38983050847456,NA,NA,1,1,100,100
"185","Control_KF",12,2024-08-24,NA,"Control","KF",1,5,"Green",40.9,41.7,NA,"outer",5,-1.95599022004891,NA,NA,1,1,100,100
"186","Control_KF",12,2024-08-24,NA,"Control","KF",1,6,"Green",25.4,25.5,NA,"outer",6,-0.39370078740158,NA,NA,1,1,100,100
"187","Control_KF",12,2024-08-24,NA,"Control","KF",1,7,"Green",51.1,54.6,NA,"outer",7,-6.84931506849315,NA,NA,1,1,100,100
"188","Control_KF",12,2024-08-24,NA,"Control","KF",1,8,"Green",56.4,56.2,NA,"outer",8,0.354609929078007,NA,NA,1,1,100,100
"189","Control_KF",12,2024-08-24,NA,"Control","KF",1,9,"Green",56.6,57.1,NA,"inner",1.5,-0.88339222614841,NA,NA,1,1,100,100
"190","Control_KF",12,2024-08-24,NA,"Control","KF",1,10,"Green",18,17.9,NA,"inner",3.5,0.555555555555563,NA,NA,1,1,100,100
"191","Control_KF",12,2024-08-24,NA,"Control","KF",1,11,"Green",29.4,29.4,NA,"inner",5.5,0,NA,NA,1,1,100,100
"192","Control_KF",12,2024-08-24,NA,"Control","KF",1,12,"Green",50.6,53.2,NA,"inner",7.5,-5.13833992094862,NA,NA,1,1,100,100
"193","Control_KF",2,2024-07-12,2024-07-17,"Control","KF",3,1,"Blue",21,21,NA,"outer",1,0,NA,NA,1,1,100,100
"194","Control_KF",2,2024-07-12,2024-07-17,"Control","KF",3,2,"Blue",19.4,19.6,NA,"outer",2,-1.03092783505156,NA,NA,1,1,100,100
"195","Control_KF",2,2024-07-12,2024-07-17,"Control","KF",3,3,"Blue",16.3,16.3,NA,"outer",3,0,NA,NA,1,1,100,100
"196","Control_KF",2,2024-07-12,2024-07-17,"Control","KF",3,4,"Blue",34.4,35,NA,"outer",4,-1.74418604651163,NA,NA,1,1,100,100
"197","Control_KF",2,2024-07-12,2024-07-17,"Control","KF",3,5,"Blue",20.5,20.7,NA,"outer",5,-0.975609756097558,NA,NA,1,1,100,100
"198","Control_KF",2,2024-07-12,2024-07-17,"Control","KF",3,6,"Blue",17.3,17.9,NA,"outer",6,-3.46820809248554,NA,NA,1,1,100,100
"199","Control_KF",2,2024-07-12,2024-07-17,"Control","KF",3,7,"Blue",40.7,42.3,NA,"outer",7,-3.93120393120392,NA,NA,1,1,100,100
"200","Control_KF",2,2024-07-12,2024-07-17,"Control","KF",3,8,"Blue",19.2,19.4,NA,"outer",8,-1.04166666666666,NA,NA,1,1,100,100
"201","Control_KF",2,2024-07-12,2024-07-17,"Control","KF",3,9,"Blue",15.9,16.3,NA,"inner",1.5,-2.51572327044025,NA,NA,1,1,100,100
"202","Control_KF",2,2024-07-12,2024-07-17,"Control","KF",3,10,"Blue",40.6,41.3,NA,"inner",3.5,-1.72413793103447,NA,NA,1,1,100,100
"203","Control_KF",2,2024-07-12,2024-07-17,"Control","KF",3,11,"Blue",33.8,34.3,NA,"inner",5.5,-1.4792899408284,NA,NA,1,1,100,100
"204","Control_KF",2,2024-07-12,2024-07-17,"Control","KF",3,12,"Blue",32.7,33.2,NA,"inner",7.5,-1.52905198776758,NA,NA,1,1,100,100
"205","Control_KF",3,2024-07-16,2024-07-20,"Control","KF",2,1,"Red",36.6,31.7,NA,"outer",1,13.3879781420765,NA,NA,1,1,100,100
"206","Control_KF",3,2024-07-16,2024-07-20,"Control","KF",2,2,"Red",39,40.2,NA,"outer",2,-3.07692307692308,NA,NA,1,1,100,100
"207","Control_KF",3,2024-07-16,2024-07-20,"Control","KF",2,3,"Red",35.6,38.4,NA,"outer",3,-7.86516853932583,NA,NA,1,1,100,100
"208","Control_KF",3,2024-07-16,2024-07-20,"Control","KF",2,4,"Red",35,37.4,NA,"outer",4,-6.85714285714285,NA,NA,1,1,100,100
"209","Control_KF",3,2024-07-16,2024-07-20,"Control","KF",2,5,"Red",28,28.6,NA,"outer",5,-2.14285714285715,NA,NA,1,1,100,100
"210","Control_KF",3,2024-07-16,2024-07-20,"Control","KF",2,6,"Red",37.8,41.3,NA,"outer",6,-9.25925925925926,NA,NA,1,1,100,100
"211","Control_KF",3,2024-07-16,2024-07-20,"Control","KF",2,7,"Red",19.6,20.5,NA,"outer",7,-4.59183673469387,NA,NA,1,1,100,100
"212","Control_KF",3,2024-07-16,2024-07-20,"Control","KF",2,8,"Red",60.7,69.3,NA,"outer",8,-14.168039538715,NA,NA,1,1,100,100
"213","Control_KF",3,2024-07-16,2024-07-20,"Control","KF",2,9,"Red",61.1,65.9,NA,"inner",1.5,-7.85597381342063,NA,NA,1,1,100,100
"214","Control_KF",3,2024-07-16,2024-07-20,"Control","KF",2,10,"Red",25.6,27.6,NA,"inner",3.5,-7.8125,NA,NA,1,1,100,100
"215","Control_KF",3,2024-07-16,2024-07-20,"Control","KF",2,11,"Red",37.7,39.8,NA,"inner",5.5,-5.57029177718831,NA,NA,1,1,100,100
"216","Control_KF",3,2024-07-16,2024-07-20,"Control","KF",2,12,"Red",34.3,39,NA,"inner",7.5,-13.7026239067055,NA,NA,1,1,100,100
"217","Control_KF",4,2024-07-18,2024-07-24,"Control","KF",4,1,"Black",31.3,31.1,NA,"outer",1,0.638977635782745,NA,NA,1,1,100,100
"218","Control_KF",4,2024-07-18,2024-07-24,"Control","KF",4,2,"Black",37.2,37.7,NA,"outer",2,-1.34408602150538,NA,NA,1,1,100,100
"219","Control_KF",4,2024-07-18,2024-07-24,"Control","KF",4,3,"Black",34.2,34.1,NA,"outer",3,0.292397660818718,NA,NA,1,1,100,100
"220","Control_KF",4,2024-07-18,2024-07-24,"Control","KF",4,4,"Black",79.4,72.9,NA,"outer",4,8.18639798488665,NA,NA,1,1,100,100
"221","Control_KF",4,2024-07-18,2024-07-24,"Control","KF",4,5,"Black",49.6,50.1,NA,"outer",5,-1.00806451612903,NA,NA,1,1,100,100
"222","Control_KF",4,2024-07-18,2024-07-24,"Control","KF",4,6,"Black",79.6,76.6,NA,"outer",6,3.76884422110553,NA,NA,1,1,100,100
"223","Control_KF",4,2024-07-18,2024-07-24,"Control","KF",4,7,"Black",22.9,23,NA,"outer",7,-0.43668122270743,NA,NA,1,1,100,100
"224","Control_KF",4,2024-07-18,2024-07-24,"Control","KF",4,8,"Black",27.4,27.7,NA,"outer",8,-1.09489051094891,NA,NA,1,1,100,100
"225","Control_KF",4,2024-07-18,2024-07-24,"Control","KF",4,9,"Black",64,63.3,NA,"inner",1.5,1.09375,NA,NA,1,1,100,100
"226","Control_KF",4,2024-07-18,2024-07-24,"Control","KF",4,10,"Black",23.1,22.9,NA,"inner",3.5,0.865800865800878,NA,NA,1,1,100,100
"227","Control_KF",4,2024-07-18,2024-07-24,"Control","KF",4,11,"Black",31.5,30.1,NA,"inner",5.5,4.44444444444444,NA,NA,1,1,100,100
"228","Control_KF",4,2024-07-18,2024-07-24,"Control","KF",4,12,"Black",33.7,32.3,NA,"inner",7.5,4.15430267062316,NA,NA,1,1,100,100
"229","Control_KF",5,2024-07-23,2024-07-27,"Control","KF",4,1,"Black",70.2,70.3,NA,"outer",1,-0.142450142450134,NA,NA,1,1,100,100
"230","Control_KF",5,2024-07-23,2024-07-27,"Control","KF",4,2,"Black",76.8,79.4,NA,"outer",2,-3.38541666666668,NA,NA,1,1,100,100
"231","Control_KF",5,2024-07-23,2024-07-27,"Control","KF",4,3,"Black",83.6,87.7,NA,"outer",3,-4.9043062200957,NA,NA,1,1,100,100
"232","Control_KF",5,2024-07-23,2024-07-27,"Control","KF",4,4,"Black",78.6,79.9,NA,"outer",4,-1.65394402035625,NA,NA,1,1,100,100
"233","Control_KF",5,2024-07-23,2024-07-27,"Control","KF",4,5,"Black",55.2,51.5,NA,"outer",5,6.70289855072464,NA,NA,1,1,100,100
"234","Control_KF",5,2024-07-23,2024-07-27,"Control","KF",4,6,"Black",35.9,31.1,NA,"outer",6,13.3704735376044,NA,NA,1,1,100,100
"235","Control_KF",5,2024-07-23,2024-07-27,"Control","KF",4,7,"Black",39,39.8,NA,"outer",7,-2.05128205128204,NA,NA,1,1,100,100
"236","Control_KF",5,2024-07-23,2024-07-27,"Control","KF",4,8,"Black",45.1,47.5,NA,"outer",8,-5.32150776053215,NA,NA,1,1,100,100
"237","Control_KF",5,2024-07-23,2024-07-27,"Control","KF",4,9,"Black",40.8,44.7,NA,"inner",1.5,-9.55882352941178,NA,NA,1,1,100,100
"238","Control_KF",5,2024-07-23,2024-07-27,"Control","KF",4,10,"Black",32.6,33.4,NA,"inner",3.5,-2.45398773006134,NA,NA,1,1,100,100
"239","Control_KF",5,2024-07-23,2024-07-27,"Control","KF",4,11,"Black",21.6,22.8,NA,"inner",5.5,-5.55555555555555,NA,NA,1,1,100,100
"240","Control_KF",5,2024-07-23,2024-07-27,"Control","KF",4,12,"Black",54,56.6,NA,"inner",7.5,-4.81481481481482,NA,NA,1,1,100,100
"241","Control_KF",6,2024-07-25,2025-07-31,"Control","KF",2,1,"Red",47.7,49.8,NA,"outer",1,-4.40251572327043,NA,NA,1,1,100,100
"242","Control_KF",6,2024-07-25,2025-07-31,"Control","KF",2,2,"Red",41.2,41.7,NA,"outer",2,-1.21359223300971,NA,NA,1,1,100,100
"243","Control_KF",6,2024-07-25,2025-07-31,"Control","KF",2,3,"Red",54.1,49.7,NA,"outer",3,8.13308687615527,NA,NA,1,1,100,100
"244","Control_KF",6,2024-07-25,2025-07-31,"Control","KF",2,4,"Red",45.7,39,NA,"outer",4,14.6608315098468,NA,NA,1,1,100,100
"245","Control_KF",6,2024-07-25,2025-07-31,"Control","KF",2,5,"Red",46.1,48.8,NA,"outer",5,-5.85683297180042,NA,NA,1,1,100,100
"246","Control_KF",6,2024-07-25,2025-07-31,"Control","KF",2,6,"Red",43.1,44.5,NA,"outer",6,-3.24825986078886,NA,NA,1,1,100,100
"247","Control_KF",6,2024-07-25,2025-07-31,"Control","KF",2,7,"Red",26.5,27.4,NA,"outer",7,-3.39622641509433,NA,NA,1,1,100,100
"248","Control_KF",6,2024-07-25,2025-07-31,"Control","KF",2,8,"Red",29.5,29.2,NA,"outer",8,1.01694915254238,NA,NA,1,1,100,100
"249","Control_KF",6,2024-07-25,2025-07-31,"Control","KF",2,9,"Red",41.4,42,NA,"inner",1.5,-1.44927536231884,NA,NA,1,1,100,100
"250","Control_KF",6,2024-07-25,2025-07-31,"Control","KF",2,10,"Red",30.9,30.1,NA,"inner",3.5,2.58899676375404,NA,NA,1,1,100,100
"251","Control_KF",6,2024-07-25,2025-07-31,"Control","KF",2,11,"Red",28.8,28.8,NA,"inner",5.5,0,NA,NA,1,1,100,100
"252","Control_KF",6,2024-07-25,2025-07-31,"Control","KF",2,12,"Red",26.2,26.6,NA,"inner",7.5,-1.52671755725192,NA,NA,1,1,100,100
"253","Control_KF",7,2024-07-29,2024-08-03,"Control","KF",4,1,"Black",35.5,37.4,NA,"outer",1,-5.35211267605633,NA,NA,1,1,100,100
"254","Control_KF",7,2024-07-29,2024-08-03,"Control","KF",4,2,"Black",94.6,58,NA,"outer",2,38.6892177589852,NA,NA,1,1,100,100
"255","Control_KF",7,2024-07-29,2024-08-03,"Control","KF",4,3,"Black",46,47,NA,"outer",3,-2.17391304347826,NA,NA,1,1,100,100
"256","Control_KF",7,2024-07-29,2024-08-03,"Control","KF",4,4,"Black",85,65.5,NA,"outer",4,22.9411764705882,NA,NA,1,1,100,100
"257","Control_KF",7,2024-07-29,2024-08-03,"Control","KF",4,5,"Black",44.5,38,NA,"outer",5,14.6067415730337,NA,NA,1,1,100,100
"258","Control_KF",7,2024-07-29,2024-08-03,"Control","KF",4,6,"Black",61.8,59.9,NA,"outer",6,3.07443365695793,NA,NA,1,1,100,100
"259","Control_KF",7,2024-07-29,2024-08-03,"Control","KF",4,7,"Black",77,73.4,NA,"outer",7,4.67532467532467,NA,NA,1,1,100,100
"260","Control_KF",7,2024-07-29,2024-08-03,"Control","KF",4,8,"Black",29.5,24.5,NA,"outer",8,16.9491525423729,NA,NA,1,1,100,100
"261","Control_KF",7,2024-07-29,2024-08-03,"Control","KF",4,9,"Black",104.1,103.5,NA,"inner",1.5,0.576368876080686,NA,NA,1,1,100,100
"262","Control_KF",7,2024-07-29,2024-08-03,"Control","KF",4,10,"Black",40.9,33,NA,"inner",3.5,19.3154034229829,NA,NA,1,1,100,100
"263","Control_KF",7,2024-07-29,2024-08-03,"Control","KF",4,11,"Black",57.1,55.7,NA,"inner",5.5,2.45183887915937,NA,NA,1,1,100,100
"264","Control_KF",7,2024-07-29,2024-08-03,"Control","KF",4,12,"Black",60.1,60.7,NA,"inner",7.5,-0.998336106489187,NA,NA,1,1,100,100
"265","Control_KF",8,2024-08-05,2024-08-08,"Control","KF",3,1,"Blue",36.5,35.2,NA,"outer",1,3.56164383561643,NA,NA,1,1,100,100
"266","Control_KF",8,2024-08-05,2024-08-08,"Control","KF",3,2,"Blue",34.4,26.7,NA,"outer",2,22.3837209302326,NA,NA,1,1,100,100
"267","Control_KF",8,2024-08-05,2024-08-08,"Control","KF",3,3,"Blue",22.7,23,NA,"outer",3,-1.3215859030837,NA,NA,1,1,100,100
"268","Control_KF",8,2024-08-05,2024-08-08,"Control","KF",3,4,"Blue",31.3,31.7,NA,"outer",4,-1.27795527156549,NA,NA,1,1,100,100
"269","Control_KF",8,2024-08-05,2024-08-08,"Control","KF",3,5,"Blue",26.6,23.7,NA,"outer",5,10.9022556390978,NA,NA,1,1,100,100
"270","Control_KF",8,2024-08-05,2024-08-08,"Control","KF",3,6,"Blue",30.9,26.9,NA,"outer",6,12.9449838187702,NA,NA,1,1,100,100
"271","Control_KF",8,2024-08-05,2024-08-08,"Control","KF",3,7,"Blue",27.1,27.4,NA,"outer",7,-1.10701107011069,NA,NA,1,1,100,100
"272","Control_KF",8,2024-08-05,2024-08-08,"Control","KF",3,8,"Blue",23.9,9.7,NA,"outer",8,59.4142259414226,NA,NA,1,1,100,100
"273","Control_KF",8,2024-08-05,2024-08-08,"Control","KF",3,9,"Blue",28.7,28.9,NA,"inner",1.5,-0.696864111498255,NA,NA,1,1,100,100
"274","Control_KF",8,2024-08-05,2024-08-08,"Control","KF",3,10,"Blue",22.7,23,NA,"inner",3.5,-1.3215859030837,NA,NA,1,1,100,100
"275","Control_KF",8,2024-08-05,2024-08-08,"Control","KF",3,11,"Blue",26.7,27.1,NA,"inner",5.5,-1.49812734082398,NA,NA,1,1,100,100
"276","Control_KF",8,2024-08-05,2024-08-08,"Control","KF",3,12,"Blue",30.2,29.8,NA,"inner",7.5,1.32450331125827,NA,NA,1,1,100,100
"277","Control_KF",9,2024-08-11,2024-08-14,"Control","KF",2,1,"Red",54.7,56.3,NA,"outer",1,-2.92504570383911,NA,NA,1,1,100,100
"278","Control_KF",9,2024-08-11,2024-08-14,"Control","KF",2,2,"Red",55.7,46.3,NA,"outer",2,16.8761220825853,NA,NA,1,1,100,100
"279","Control_KF",9,2024-08-11,2024-08-14,"Control","KF",2,3,"Red",57.1,56.7,NA,"outer",3,0.700525394045532,NA,NA,1,1,100,100
"280","Control_KF",9,2024-08-11,2024-08-14,"Control","KF",2,4,"Red",48,49.8,NA,"outer",4,-3.74999999999999,NA,NA,1,1,100,100
"281","Control_KF",9,2024-08-11,2024-08-14,"Control","KF",2,5,"Red",51.4,51.2,NA,"outer",5,0.38910505836575,NA,NA,1,1,100,100
"282","Control_KF",9,2024-08-11,2024-08-14,"Control","KF",2,6,"Red",56.1,57.1,NA,"outer",6,-1.7825311942959,NA,NA,1,1,100,100
"283","Control_KF",9,2024-08-11,2024-08-14,"Control","KF",2,7,"Red",50.9,51.1,NA,"outer",7,-0.392927308447943,NA,NA,1,1,100,100
"284","Control_KF",9,2024-08-11,2024-08-14,"Control","KF",2,8,"Red",52.2,52.1,NA,"outer",8,0.191570881226056,NA,NA,1,1,100,100
"285","Control_KF",9,2024-08-11,2024-08-14,"Control","KF",2,9,"Red",58.1,59.1,NA,"inner",1.5,-1.72117039586919,NA,NA,1,1,100,100
"286","Control_KF",9,2024-08-11,2024-08-14,"Control","KF",2,10,"Red",63.2,63.2,NA,"inner",3.5,0,NA,NA,1,1,100,100
"287","Control_KF",9,2024-08-11,2024-08-14,"Control","KF",2,11,"Red",57.7,58.9,NA,"inner",5.5,-2.07972270363951,NA,NA,1,1,100,100
"288","Control_KF",9,2024-08-11,2024-08-14,"Control","KF",2,12,"Red",76.4,76.9,NA,"inner",7.5,-0.654450261780105,NA,NA,1,1,100,100
"289","Star_B",1,2024-07-09,2024-07-13,"Star","B",3,1,"Blue",64.3,50.1,NA,"outer",1,22.0839813374806,1.42857142857143,3,0.22972972972973,NA,0.428571428571429,2
"290","Star_B",1,2024-07-09,2024-07-13,"Star","B",3,2,"Blue",47.8,32.6,NA,"outer",2,31.7991631799163,1.42857142857143,3,0.22972972972973,NA,0.571428571428571,1
"291","Star_B",1,2024-07-09,2024-07-13,"Star","B",3,3,"Blue",50.8,48.3,NA,"outer",3,4.92125984251969,1.42857142857143,3,0.22972972972973,NA,1.57142857142857,0
"292","Star_B",1,2024-07-09,2024-07-13,"Star","B",3,4,"Blue",61.9,60.4,NA,"outer",4,2.4232633279483,1.42857142857143,3,0.22972972972973,NA,2.57142857142857,1
"293","Star_B",1,2024-07-09,2024-07-13,"Star","B",3,5,"Blue",62.5,56.9,NA,"outer",5,8.96,1.42857142857143,3,0.22972972972973,NA,3.57142857142857,2
"294","Star_B",1,2024-07-09,2024-07-13,"Star","B",3,6,"Blue",58.4,51.5,NA,"outer",6,11.8150684931507,1.42857142857143,3,0.22972972972973,NA,4.57142857142857,3
"295","Star_B",1,2024-07-09,2024-07-13,"Star","B",3,7,"Blue",54.1,9.5,NA,"outer",7,82.4399260628466,1.42857142857143,3,0.22972972972973,NA,5.57142857142857,4
"296","Star_B",1,2024-07-09,2024-07-13,"Star","B",3,8,"Blue",49.7,44.2,NA,"outer",8,11.0663983903421,1.42857142857143,3,0.22972972972973,NA,6.57142857142857,5
"297","Star_B",1,2024-07-09,2024-07-13,"Star","B",3,9,"Blue",50.9,49.6,NA,"inner",1.5,2.55402750491159,1.42857142857143,3,0.22972972972973,NA,0.0714285714285712,1.5
"298","Star_B",1,2024-07-09,2024-07-13,"Star","B",3,10,"Blue",50.7,49.2,NA,"inner",3.5,2.9585798816568,1.42857142857143,3,0.22972972972973,NA,2.07142857142857,0.5
"299","Star_B",1,2024-07-09,2024-07-13,"Star","B",3,11,"Blue",47.8,43.3,NA,"inner",5.5,9.4142259414226,1.42857142857143,3,0.22972972972973,NA,4.07142857142857,2.5
"300","Star_B",1,2024-07-09,2024-07-13,"Star","B",3,12,"Blue",46,45.3,NA,"inner",7.5,1.52173913043479,1.42857142857143,3,0.22972972972973,NA,6.07142857142857,4.5
"301","Star_B",10,2024-08-13,2024-08-17,"Star","B",4,1,"Black",33.2,33.4,NA,"outer",1,-0.602409638554204,2.375,2.125,0.424657534246575,0.368421052631579,1.375,1.125
"302","Star_B",10,2024-08-13,2024-08-17,"Star","B",4,2,"Black",56.5,54.2,NA,"outer",2,4.07079646017699,2.375,2.125,0.424657534246575,0.368421052631579,0.375,0.125
"303","Star_B",10,2024-08-13,2024-08-17,"Star","B",4,3,"Black",55.9,50.1,NA,"outer",3,10.3756708407871,2.375,2.125,0.424657534246575,0.368421052631579,0.625,0.875
"304","Star_B",10,2024-08-13,2024-08-17,"Star","B",4,4,"Black",48.3,38.1,NA,"outer",4,21.1180124223602,2.375,2.125,0.424657534246575,0.368421052631579,1.625,1.875
"305","Star_B",10,2024-08-13,2024-08-17,"Star","B",4,5,"Black",55.6,54.5,NA,"outer",5,1.97841726618705,2.375,2.125,0.424657534246575,0.368421052631579,2.625,2.875
"306","Star_B",10,2024-08-13,2024-08-17,"Star","B",4,6,"Black",49.9,49.6,NA,"outer",6,0.601202404809614,2.375,2.125,0.424657534246575,0.368421052631579,3.625,3.875
"307","Star_B",10,2024-08-13,2024-08-17,"Star","B",4,7,"Black",40.8,38.3,NA,"outer",7,6.12745098039216,2.375,2.125,0.424657534246575,0.368421052631579,4.625,4.875
"308","Star_B",10,2024-08-13,2024-08-17,"Star","B",4,8,"Black",32.9,32.4,NA,"outer",8,1.51975683890578,2.375,2.125,0.424657534246575,0.368421052631579,5.625,5.875
"309","Star_B",10,2024-08-13,2024-08-17,"Star","B",4,9,"Black",33.4,33.9,NA,"inner",1.5,-1.49700598802395,2.375,2.125,0.424657534246575,0.368421052631579,0.875,0.625
"310","Star_B",10,2024-08-13,2024-08-17,"Star","B",4,10,"Black",29.5,30.2,NA,"inner",3.5,-2.3728813559322,2.375,2.125,0.424657534246575,0.368421052631579,1.125,1.375
"311","Star_B",10,2024-08-13,2024-08-17,"Star","B",4,11,"Black",30.7,30.2,NA,"inner",5.5,1.62866449511401,2.375,2.125,0.424657534246575,0.368421052631579,3.125,3.375
"312","Star_B",10,2024-08-13,2024-08-17,"Star","B",4,12,"Black",31.9,32,NA,"inner",7.5,-0.313479623824456,2.375,2.125,0.424657534246575,0.368421052631579,5.125,5.375
"313","Star_B",11,2024-08-19,2024-08-22,"Star","B",2,1,"Red",58.6,60.6,NA,"outer",1,-3.41296928327645,0,3,0,0.625,1,2
"314","Star_B",11,2024-08-19,2024-08-22,"Star","B",2,2,"Red",59.9,58.7,NA,"outer",2,2.0033388981636,0,3,0,0.625,2,1
"315","Star_B",11,2024-08-19,2024-08-22,"Star","B",2,3,"Red",52.9,49.5,NA,"outer",3,6.42722117202268,0,3,0,0.625,3,0
"316","Star_B",11,2024-08-19,2024-08-22,"Star","B",2,4,"Red",57,51.5,NA,"outer",4,9.64912280701754,0,3,0,0.625,4,1
"317","Star_B",11,2024-08-19,2024-08-22,"Star","B",2,5,"Red",47.2,47.3,NA,"outer",5,-0.211864406779649,0,3,0,0.625,5,2
"318","Star_B",11,2024-08-19,2024-08-22,"Star","B",2,6,"Red",49.7,43.8,NA,"outer",6,11.8712273641851,0,3,0,0.625,6,3
"319","Star_B",11,2024-08-19,2024-08-22,"Star","B",2,7,"Red",39.8,40.8,NA,"outer",7,-2.51256281407035,0,3,0,0.625,7,4
"320","Star_B",11,2024-08-19,2024-08-22,"Star","B",2,8,"Red",32,31.2,NA,"outer",8,2.5,0,3,0,0.625,8,5
"321","Star_B",11,2024-08-19,2024-08-22,"Star","B",2,9,"Red",22.9,26.1,NA,"inner",1.5,-13.9737991266376,0,3,0,0.625,1.5,1.5
"322","Star_B",11,2024-08-19,2024-08-22,"Star","B",2,10,"Red",44.9,43.5,NA,"inner",3.5,3.11804008908686,0,3,0,0.625,3.5,0.5
"323","Star_B",11,2024-08-19,2024-08-22,"Star","B",2,11,"Red",35.8,36.6,NA,"inner",5.5,-2.23463687150839,0,3,0,0.625,5.5,2.5
"324","Star_B",11,2024-08-19,2024-08-22,"Star","B",2,12,"Red",41.3,42,NA,"inner",7.5,-1.6949152542373,0,3,0,0.625,7.5,4.5
"325","Star_B",12,2024-08-24,NA,"Star","B",3,1,"Blue",24,11.2,NA,"outer",1,53.3333333333333,3.83333333333333,3.25,0.857142857142857,0.67741935483871,2.83333333333333,2.25
"326","Star_B",12,2024-08-24,NA,"Star","B",3,2,"Blue",62.5,61.6,NA,"outer",2,1.44,3.83333333333333,3.25,0.857142857142857,0.67741935483871,1.83333333333333,1.25
"327","Star_B",12,2024-08-24,NA,"Star","B",3,3,"Blue",65.8,65.2,NA,"outer",3,0.911854103343457,3.83333333333333,3.25,0.857142857142857,0.67741935483871,0.833333333333333,0.25
"328","Star_B",12,2024-08-24,NA,"Star","B",3,4,"Blue",64.9,64.3,NA,"outer",4,0.924499229583988,3.83333333333333,3.25,0.857142857142857,0.67741935483871,0.166666666666667,0.75
"329","Star_B",12,2024-08-24,NA,"Star","B",3,5,"Blue",29.4,30,NA,"outer",5,-2.04081632653062,3.83333333333333,3.25,0.857142857142857,0.67741935483871,1.16666666666667,1.75
"330","Star_B",12,2024-08-24,NA,"Star","B",3,6,"Blue",32.3,26.1,NA,"outer",6,19.1950464396285,3.83333333333333,3.25,0.857142857142857,0.67741935483871,2.16666666666667,2.75
"331","Star_B",12,2024-08-24,NA,"Star","B",3,7,"Blue",63.7,47.3,NA,"outer",7,25.74568288854,3.83333333333333,3.25,0.857142857142857,0.67741935483871,3.16666666666667,3.75
"332","Star_B",12,2024-08-24,NA,"Star","B",3,8,"Blue",24.1,20.5,NA,"outer",8,14.9377593360996,3.83333333333333,3.25,0.857142857142857,0.67741935483871,4.16666666666667,4.75
"333","Star_B",12,2024-08-24,NA,"Star","B",3,9,"Blue",26.6,24.3,NA,"inner",1.5,8.64661654135339,3.83333333333333,3.25,0.857142857142857,0.67741935483871,2.33333333333333,1.75
"334","Star_B",12,2024-08-24,NA,"Star","B",3,10,"Blue",29.5,28.6,NA,"inner",3.5,3.05084745762711,3.83333333333333,3.25,0.857142857142857,0.67741935483871,0.333333333333333,0.25
"335","Star_B",12,2024-08-24,NA,"Star","B",3,11,"Blue",48.8,47.8,NA,"inner",5.5,2.04918032786885,3.83333333333333,3.25,0.857142857142857,0.67741935483871,1.66666666666667,2.25
"336","Star_B",12,2024-08-24,NA,"Star","B",3,12,"Blue",22.7,22.9,NA,"inner",7.5,-0.881057268722464,3.83333333333333,3.25,0.857142857142857,0.67741935483871,3.66666666666667,4.25
"337","Star_B",2,2024-07-12,2024-07-17,"Star","B",1,1,"Green",39.1,12.9,NA,"outer",1,67.0076726342711,2.125,3,0.333333333333333,0.6,1.125,2
"338","Star_B",2,2024-07-12,2024-07-17,"Star","B",1,2,"Green",48.7,47.6,NA,"outer",2,2.25872689938399,2.125,3,0.333333333333333,0.6,0.125,1
"339","Star_B",2,2024-07-12,2024-07-17,"Star","B",1,3,"Green",44.8,41.8,NA,"outer",3,6.69642857142857,2.125,3,0.333333333333333,0.6,0.875,0
"340","Star_B",2,2024-07-12,2024-07-17,"Star","B",1,4,"Green",47.6,38.1,NA,"outer",4,19.9579831932773,2.125,3,0.333333333333333,0.6,1.875,1
"341","Star_B",2,2024-07-12,2024-07-17,"Star","B",1,5,"Green",30.9,29.3,NA,"outer",5,5.17799352750808,2.125,3,0.333333333333333,0.6,2.875,2
"342","Star_B",2,2024-07-12,2024-07-17,"Star","B",1,6,"Green",38.7,32,NA,"outer",6,17.312661498708,2.125,3,0.333333333333333,0.6,3.875,3
"343","Star_B",2,2024-07-12,2024-07-17,"Star","B",1,7,"Green",27,23.2,NA,"outer",7,14.0740740740741,2.125,3,0.333333333333333,0.6,4.875,4
"344","Star_B",2,2024-07-12,2024-07-17,"Star","B",1,8,"Green",33.6,30,NA,"outer",8,10.7142857142857,2.125,3,0.333333333333333,0.6,5.875,5
"345","Star_B",2,2024-07-12,2024-07-17,"Star","B",1,9,"Green",24.4,25,NA,"inner",1.5,-2.45901639344263,2.125,3,0.333333333333333,0.6,0.625,1.5
"346","Star_B",2,2024-07-12,2024-07-17,"Star","B",1,10,"Green",25.6,26.8,NA,"inner",3.5,-4.6875,2.125,3,0.333333333333333,0.6,1.375,0.5
"347","Star_B",2,2024-07-12,2024-07-17,"Star","B",1,11,"Green",31.1,26.6,NA,"inner",5.5,14.4694533762058,2.125,3,0.333333333333333,0.6,3.375,2.5
"348","Star_B",2,2024-07-12,2024-07-17,"Star","B",1,12,"Green",52.2,50.8,NA,"inner",7.5,2.68199233716476,2.125,3,0.333333333333333,0.6,5.375,4.5
"349","Star_B",3,2024-07-16,2024-07-20,"Star","B",4,1,"Black",64.9,58,NA,"outer",1,10.6317411402157,2.25,2.125,0.386666666666667,0.350649350649351,1.25,1.125
"350","Star_B",3,2024-07-16,2024-07-20,"Star","B",4,2,"Black",60.9,59.4,NA,"outer",2,2.46305418719212,2.25,2.125,0.386666666666667,0.350649350649351,0.25,0.125
"351","Star_B",3,2024-07-16,2024-07-20,"Star","B",4,3,"Black",103.3,98.7,NA,"outer",3,4.45304937076476,2.25,2.125,0.386666666666667,0.350649350649351,0.75,0.875
"352","Star_B",3,2024-07-16,2024-07-20,"Star","B",4,4,"Black",94.5,89.3,NA,"outer",4,5.50264550264551,2.25,2.125,0.386666666666667,0.350649350649351,1.75,1.875
"353","Star_B",3,2024-07-16,2024-07-20,"Star","B",4,5,"Black",85.9,89.6,NA,"outer",5,-4.30733410942956,2.25,2.125,0.386666666666667,0.350649350649351,2.75,2.875
"354","Star_B",3,2024-07-16,2024-07-20,"Star","B",4,6,"Black",42.6,27.2,NA,"outer",6,36.150234741784,2.25,2.125,0.386666666666667,0.350649350649351,3.75,3.875
"355","Star_B",3,2024-07-16,2024-07-20,"Star","B",4,7,"Black",30.6,27.2,NA,"outer",7,11.1111111111111,2.25,2.125,0.386666666666667,0.350649350649351,4.75,4.875
"356","Star_B",3,2024-07-16,2024-07-20,"Star","B",4,8,"Black",34.7,22.5,NA,"outer",8,35.1585014409222,2.25,2.125,0.386666666666667,0.350649350649351,5.75,5.875
"357","Star_B",3,2024-07-16,2024-07-20,"Star","B",4,9,"Black",57.4,56.9,NA,"inner",1.5,0.871080139372822,2.25,2.125,0.386666666666667,0.350649350649351,0.75,0.625
"358","Star_B",3,2024-07-16,2024-07-20,"Star","B",4,10,"Black",60.7,63.7,NA,"inner",3.5,-4.94233937397035,2.25,2.125,0.386666666666667,0.350649350649351,1.25,1.375
"359","Star_B",3,2024-07-16,2024-07-20,"Star","B",4,11,"Black",56,57.1,NA,"inner",5.5,-1.96428571428572,2.25,2.125,0.386666666666667,0.350649350649351,3.25,3.375
"360","Star_B",3,2024-07-16,2024-07-20,"Star","B",4,12,"Black",48.9,47,NA,"inner",7.5,3.88548057259713,2.25,2.125,0.386666666666667,0.350649350649351,5.25,5.375
"361","Star_B",4,2024-07-18,2024-07-24,"Star","B",2,1,"Red",50.3,52.9,NA,"outer",1,-5.16898608349901,1,NA,0.181818181818182,NA,0,NA
"362","Star_B",4,2024-07-18,2024-07-24,"Star","B",2,2,"Red",51.5,42.8,NA,"outer",2,16.8932038834952,1,NA,0.181818181818182,NA,1,NA
"363","Star_B",4,2024-07-18,2024-07-24,"Star","B",2,3,"Red",45.3,10,NA,"outer",3,77.924944812362,1,NA,0.181818181818182,NA,2,NA
"364","Star_B",4,2024-07-18,2024-07-24,"Star","B",2,4,"Red",45.8,47.8,NA,"outer",4,-4.36681222707424,1,NA,0.181818181818182,NA,3,NA
"365","Star_B",4,2024-07-18,2024-07-24,"Star","B",2,5,"Red",41.8,18.6,NA,"outer",5,55.5023923444976,1,NA,0.181818181818182,NA,4,NA
"366","Star_B",4,2024-07-18,2024-07-24,"Star","B",2,6,"Red",77.2,73.1,NA,"outer",6,5.31088082901555,1,NA,0.181818181818182,NA,5,NA
"367","Star_B",4,2024-07-18,2024-07-24,"Star","B",2,7,"Red",40.9,38.7,NA,"outer",7,5.37897310513446,1,NA,0.181818181818182,NA,6,NA
"368","Star_B",4,2024-07-18,2024-07-24,"Star","B",2,8,"Red",36.6,37,NA,"outer",8,-1.09289617486338,1,NA,0.181818181818182,NA,7,NA
"369","Star_B",4,2024-07-18,2024-07-24,"Star","B",2,9,"Red",33.2,32.2,NA,"inner",1.5,3.01204819277108,1,NA,0.181818181818182,NA,0.5,NA
"370","Star_B",4,2024-07-18,2024-07-24,"Star","B",2,10,"Red",74.6,75.3,NA,"inner",3.5,-0.938337801608583,1,NA,0.181818181818182,NA,2.5,NA
"371","Star_B",4,2024-07-18,2024-07-24,"Star","B",2,11,"Red",58,59.3,NA,"inner",5.5,-2.24137931034482,1,NA,0.181818181818182,NA,4.5,NA
"372","Star_B",4,2024-07-18,2024-07-24,"Star","B",2,12,"Red",56.1,52.9,NA,"inner",7.5,5.70409982174689,1,NA,0.181818181818182,NA,6.5,NA
"373","Star_B",5,2024-07-23,2024-07-27,"Star","B",1,1,"Green",39.1,38.6,NA,"outer",1,1.27877237851662,2.33333333333333,4,0.418181818181818,0.95,1.33333333333333,3
"374","Star_B",5,2024-07-23,2024-07-27,"Star","B",1,2,"Green",42.7,22.3,NA,"outer",2,47.7751756440281,2.33333333333333,4,0.418181818181818,0.95,0.333333333333333,2
"375","Star_B",5,2024-07-23,2024-07-27,"Star","B",1,3,"Green",38.2,30.7,NA,"outer",3,19.6335078534031,2.33333333333333,4,0.418181818181818,0.95,0.666666666666667,1
"376","Star_B",5,2024-07-23,2024-07-27,"Star","B",1,4,"Green",48.4,47.7,NA,"outer",4,1.44628099173553,2.33333333333333,4,0.418181818181818,0.95,1.66666666666667,0
"377","Star_B",5,2024-07-23,2024-07-27,"Star","B",1,5,"Green",56.5,55.8,NA,"outer",5,1.23893805309735,2.33333333333333,4,0.418181818181818,0.95,2.66666666666667,1
"378","Star_B",5,2024-07-23,2024-07-27,"Star","B",1,6,"Green",57.3,37.3,NA,"outer",6,34.9040139616056,2.33333333333333,4,0.418181818181818,0.95,3.66666666666667,2
"379","Star_B",5,2024-07-23,2024-07-27,"Star","B",1,7,"Green",54.8,28.8,NA,"outer",7,47.4452554744526,2.33333333333333,4,0.418181818181818,0.95,4.66666666666667,3
"380","Star_B",5,2024-07-23,2024-07-27,"Star","B",1,8,"Green",56.3,53.5,NA,"outer",8,4.97335701598579,2.33333333333333,4,0.418181818181818,0.95,5.66666666666667,4
"381","Star_B",5,2024-07-23,2024-07-27,"Star","B",1,9,"Green",51.5,49.7,NA,"inner",1.5,3.49514563106796,2.33333333333333,4,0.418181818181818,0.95,0.833333333333333,2.5
"382","Star_B",5,2024-07-23,2024-07-27,"Star","B",1,10,"Green",32.3,30.8,NA,"inner",3.5,4.6439628482972,2.33333333333333,4,0.418181818181818,0.95,1.16666666666667,0.5
"383","Star_B",5,2024-07-23,2024-07-27,"Star","B",1,11,"Green",42.8,42.4,NA,"inner",5.5,0.934579439252333,2.33333333333333,4,0.418181818181818,0.95,3.16666666666667,1.5
"384","Star_B",5,2024-07-23,2024-07-27,"Star","B",1,12,"Green",40.4,37.4,NA,"inner",7.5,7.42574257425743,2.33333333333333,4,0.418181818181818,0.95,5.16666666666667,3.5
"385","Star_B",6,2024-07-25,2025-07-31,"Star","B",4,1,"Black",43.1,43.4,NA,"outer",1,-0.69605568445475,1.375,5.25,0.238095238095238,1.6,0.375,4.25
"386","Star_B",6,2024-07-25,2025-07-31,"Star","B",4,2,"Black",29.7,29.5,NA,"outer",2,0.673400673400671,1.375,5.25,0.238095238095238,1.6,0.625,3.25
"387","Star_B",6,2024-07-25,2025-07-31,"Star","B",4,3,"Black",25.9,27,NA,"outer",3,-4.24710424710425,1.375,5.25,0.238095238095238,1.6,1.625,2.25
"388","Star_B",6,2024-07-25,2025-07-31,"Star","B",4,4,"Black",92.7,93.4,NA,"outer",4,-0.755124056094933,1.375,5.25,0.238095238095238,1.6,2.625,1.25
"389","Star_B",6,2024-07-25,2025-07-31,"Star","B",4,5,"Black",43.5,38.3,NA,"outer",5,11.9540229885058,1.375,5.25,0.238095238095238,1.6,3.625,0.25
"390","Star_B",6,2024-07-25,2025-07-31,"Star","B",4,6,"Black",89.8,67.8,NA,"outer",6,24.4988864142539,1.375,5.25,0.238095238095238,1.6,4.625,0.75
"391","Star_B",6,2024-07-25,2025-07-31,"Star","B",4,7,"Black",29.6,29.3,NA,"outer",7,1.01351351351352,1.375,5.25,0.238095238095238,1.6,5.625,1.75
"392","Star_B",6,2024-07-25,2025-07-31,"Star","B",4,8,"Black",26.2,25.9,NA,"outer",8,1.14503816793893,1.375,5.25,0.238095238095238,1.6,6.625,2.75
"393","Star_B",6,2024-07-25,2025-07-31,"Star","B",4,9,"Black",28.8,29.3,NA,"inner",1.5,-1.73611111111111,1.375,5.25,0.238095238095238,1.6,0.125,3.75
"394","Star_B",6,2024-07-25,2025-07-31,"Star","B",4,10,"Black",33.1,27,NA,"inner",3.5,18.429003021148,1.375,5.25,0.238095238095238,1.6,2.125,1.75
"395","Star_B",6,2024-07-25,2025-07-31,"Star","B",4,11,"Black",24.9,3.4,NA,"inner",5.5,86.3453815261044,1.375,5.25,0.238095238095238,1.6,4.125,0.25
"396","Star_B",6,2024-07-25,2025-07-31,"Star","B",4,12,"Black",25.2,24.8,NA,"inner",7.5,1.58730158730158,1.375,5.25,0.238095238095238,1.6,6.125,2.25
"397","Star_B",7,2024-07-29,2024-08-03,"Star","B",2,1,"Red",71.9,69.4,NA,"outer",1,3.47705146036161,2.71428571428571,3.14285714285714,0.491803278688525,0.625,1.71428571428571,2.14285714285714
"398","Star_B",7,2024-07-29,2024-08-03,"Star","B",2,2,"Red",86,82.4,NA,"outer",2,4.1860465116279,2.71428571428571,3.14285714285714,0.491803278688525,0.625,0.714285714285714,1.14285714285714
"399","Star_B",7,2024-07-29,2024-08-03,"Star","B",2,3,"Red",79.6,74.9,NA,"outer",3,5.90452261306531,2.71428571428571,3.14285714285714,0.491803278688525,0.625,0.285714285714286,0.142857142857143
"400","Star_B",7,2024-07-29,2024-08-03,"Star","B",2,4,"Red",84.8,80.9,NA,"outer",4,4.59905660377358,2.71428571428571,3.14285714285714,0.491803278688525,0.625,1.28571428571429,0.857142857142857
"401","Star_B",7,2024-07-29,2024-08-03,"Star","B",2,5,"Red",69.1,67.7,NA,"outer",5,2.02604920405209,2.71428571428571,3.14285714285714,0.491803278688525,0.625,2.28571428571429,1.85714285714286
"402","Star_B",7,2024-07-29,2024-08-03,"Star","B",2,6,"Red",65.4,55.1,NA,"outer",6,15.7492354740061,2.71428571428571,3.14285714285714,0.491803278688525,0.625,3.28571428571429,2.85714285714286
"403","Star_B",7,2024-07-29,2024-08-03,"Star","B",2,7,"Red",62.2,62.9,NA,"outer",7,-1.12540192926044,2.71428571428571,3.14285714285714,0.491803278688525,0.625,4.28571428571429,3.85714285714286
"404","Star_B",7,2024-07-29,2024-08-03,"Star","B",2,8,"Red",67.6,68.2,NA,"outer",8,-0.887573964497054,2.71428571428571,3.14285714285714,0.491803278688525,0.625,5.28571428571429,4.85714285714286
"405","Star_B",7,2024-07-29,2024-08-03,"Star","B",2,9,"Red",58.1,57.3,NA,"inner",1.5,1.37693631669536,2.71428571428571,3.14285714285714,0.491803278688525,0.625,1.21428571428571,1.64285714285714
"406","Star_B",7,2024-07-29,2024-08-03,"Star","B",2,10,"Red",49.9,48.7,NA,"inner",3.5,2.40480961923847,2.71428571428571,3.14285714285714,0.491803278688525,0.625,0.785714285714286,0.357142857142857
"407","Star_B",7,2024-07-29,2024-08-03,"Star","B",2,11,"Red",51.3,50.2,NA,"inner",5.5,2.14424951267055,2.71428571428571,3.14285714285714,0.491803278688525,0.625,2.78571428571429,2.35714285714286
"408","Star_B",7,2024-07-29,2024-08-03,"Star","B",2,12,"Red",91.2,92.3,NA,"inner",7.5,-1.20614035087719,2.71428571428571,3.14285714285714,0.491803278688525,0.625,4.78571428571429,4.35714285714286
"409","Star_B",8,2024-08-05,2024-08-08,"Star","B",1,1,"Green",19.9,19.3,NA,"outer",1,3.01507537688441,3.625,3.25,0.76271186440678,0.625,2.625,2.25
"410","Star_B",8,2024-08-05,2024-08-08,"Star","B",1,2,"Green",59.2,60.6,NA,"outer",2,-2.36486486486486,3.625,3.25,0.76271186440678,0.625,1.625,1.25
"411","Star_B",8,2024-08-05,2024-08-08,"Star","B",1,3,"Green",57.1,55.5,NA,"outer",3,2.80210157618214,3.625,3.25,0.76271186440678,0.625,0.625,0.25
"412","Star_B",8,2024-08-05,2024-08-08,"Star","B",1,4,"Green",58.1,58.7,NA,"outer",4,-1.03270223752152,3.625,3.25,0.76271186440678,0.625,0.375,0.75
"413","Star_B",8,2024-08-05,2024-08-08,"Star","B",1,5,"Green",42.4,42.1,NA,"outer",5,0.707547169811314,3.625,3.25,0.76271186440678,0.625,1.375,1.75
"414","Star_B",8,2024-08-05,2024-08-08,"Star","B",1,6,"Green",37.9,38.2,NA,"outer",6,-0.791556728232201,3.625,3.25,0.76271186440678,0.625,2.375,2.75
"415","Star_B",8,2024-08-05,2024-08-08,"Star","B",1,7,"Green",45.8,42.7,NA,"outer",7,6.76855895196505,3.625,3.25,0.76271186440678,0.625,3.375,3.75
"416","Star_B",8,2024-08-05,2024-08-08,"Star","B",1,8,"Green",45.1,41.9,NA,"outer",8,7.09534368070954,3.625,3.25,0.76271186440678,0.625,4.375,4.75
"417","Star_B",8,2024-08-05,2024-08-08,"Star","B",1,9,"Green",48,46.7,NA,"inner",1.5,2.70833333333333,3.625,3.25,0.76271186440678,0.625,2.125,1.75
"418","Star_B",8,2024-08-05,2024-08-08,"Star","B",1,10,"Green",51.9,49.3,NA,"inner",3.5,5.00963391136802,3.625,3.25,0.76271186440678,0.625,0.125,0.25
"419","Star_B",8,2024-08-05,2024-08-08,"Star","B",1,11,"Green",51.1,46.6,NA,"inner",5.5,8.80626223091977,3.625,3.25,0.76271186440678,0.625,1.875,2.25
"420","Star_B",8,2024-08-05,2024-08-08,"Star","B",1,12,"Green",67.7,67.9,NA,"inner",7.5,-0.295420974889221,3.625,3.25,0.76271186440678,0.625,3.875,4.25
"421","Star_B",9,2024-08-11,2024-08-14,"Star","B",3,1,"Blue",47,41.6,NA,"outer",1,11.4893617021277,3.2,4.2,0.625,NA,2.2,3.2
"422","Star_B",9,2024-08-11,2024-08-14,"Star","B",3,2,"Blue",44.7,38.9,NA,"outer",2,12.9753914988814,3.2,4.2,0.625,NA,1.2,2.2
"423","Star_B",9,2024-08-11,2024-08-14,"Star","B",3,3,"Blue",44.6,45.7,NA,"outer",3,-2.46636771300449,3.2,4.2,0.625,NA,0.200000000000001,1.2
"424","Star_B",9,2024-08-11,2024-08-14,"Star","B",3,4,"Blue",48.5,44.5,NA,"outer",4,8.24742268041237,3.2,4.2,0.625,NA,0.799999999999999,0.200000000000001
"425","Star_B",9,2024-08-11,2024-08-14,"Star","B",3,5,"Blue",41.8,41.1,NA,"outer",5,1.67464114832535,3.2,4.2,0.625,NA,1.8,0.799999999999999
"426","Star_B",9,2024-08-11,2024-08-14,"Star","B",3,6,"Blue",52.4,49.3,NA,"outer",6,5.91603053435115,3.2,4.2,0.625,NA,2.8,1.8
"427","Star_B",9,2024-08-11,2024-08-14,"Star","B",3,7,"Blue",46,45.1,NA,"outer",7,1.95652173913043,3.2,4.2,0.625,NA,3.8,2.8
"428","Star_B",9,2024-08-11,2024-08-14,"Star","B",3,8,"Blue",54.3,47.4,NA,"outer",8,12.707182320442,3.2,4.2,0.625,NA,4.8,3.8
"429","Star_B",9,2024-08-11,2024-08-14,"Star","B",3,9,"Blue",53.1,54.6,NA,"inner",1.5,-2.82485875706215,3.2,4.2,0.625,NA,1.7,2.7
"430","Star_B",9,2024-08-11,2024-08-14,"Star","B",3,10,"Blue",50.3,51.2,NA,"inner",3.5,-1.7892644135189,3.2,4.2,0.625,NA,0.299999999999999,0.700000000000001
"431","Star_B",9,2024-08-11,2024-08-14,"Star","B",3,11,"Blue",52.6,48.1,NA,"inner",5.5,8.55513307984791,3.2,4.2,0.625,NA,2.3,1.3
"432","Star_B",9,2024-08-11,2024-08-14,"Star","B",3,12,"Blue",51.9,49.3,NA,"inner",7.5,5.00963391136802,3.2,4.2,0.625,NA,4.3,3.3
"433","Star_KF",1,2024-07-09,2024-07-13,"Star","KF",2,1,"Red",59.6,38.8,NA,"outer",1,34.8993288590604,1.14285714285714,2,0.197368421052632,NA,0.142857142857143,1
"434","Star_KF",1,2024-07-09,2024-07-13,"Star","KF",2,2,"Red",66.3,67,NA,"outer",2,-1.05580693815988,1.14285714285714,2,0.197368421052632,NA,0.857142857142857,0
"435","Star_KF",1,2024-07-09,2024-07-13,"Star","KF",2,3,"Red",73.4,74.3,NA,"outer",3,-1.22615803814713,1.14285714285714,2,0.197368421052632,NA,1.85714285714286,1
"436","Star_KF",1,2024-07-09,2024-07-13,"Star","KF",2,4,"Red",73.5,75.9,NA,"outer",4,-3.26530612244899,1.14285714285714,2,0.197368421052632,NA,2.85714285714286,2
"437","Star_KF",1,2024-07-09,2024-07-13,"Star","KF",2,5,"Red",64,65.7,NA,"outer",5,-2.65625,1.14285714285714,2,0.197368421052632,NA,3.85714285714286,3
"438","Star_KF",1,2024-07-09,2024-07-13,"Star","KF",2,6,"Red",67.2,68.9,NA,"outer",6,-2.52976190476191,1.14285714285714,2,0.197368421052632,NA,4.85714285714286,4
"439","Star_KF",1,2024-07-09,2024-07-13,"Star","KF",2,7,"Red",76.9,78.5,NA,"outer",7,-2.08062418725617,1.14285714285714,2,0.197368421052632,NA,5.85714285714286,5
"440","Star_KF",1,2024-07-09,2024-07-13,"Star","KF",2,8,"Red",73.9,76.6,NA,"outer",8,-3.65358592692827,1.14285714285714,2,0.197368421052632,NA,6.85714285714286,6
"441","Star_KF",1,2024-07-09,2024-07-13,"Star","KF",2,9,"Red",58.3,58.7,NA,"inner",1.5,-0.686106346483715,1.14285714285714,2,0.197368421052632,NA,0.357142857142857,0.5
"442","Star_KF",1,2024-07-09,2024-07-13,"Star","KF",2,10,"Red",65.6,66.5,NA,"inner",3.5,-1.3719512195122,1.14285714285714,2,0.197368421052632,NA,2.35714285714286,1.5
"443","Star_KF",1,2024-07-09,2024-07-13,"Star","KF",2,11,"Red",49.2,49.9,NA,"inner",5.5,-1.42276422764227,1.14285714285714,2,0.197368421052632,NA,4.35714285714286,3.5
"444","Star_KF",1,2024-07-09,2024-07-13,"Star","KF",2,12,"Red",50.7,51.6,NA,"inner",7.5,-1.77514792899408,1.14285714285714,2,0.197368421052632,NA,6.35714285714286,5.5
"445","Star_KF",10,2024-08-13,2024-08-17,"Star","KF",2,1,"Red",65,65.2,NA,"outer",1,-0.307692307692312,2.375,2.5,0.424657534246575,0.444444444444444,1.375,1.5
"446","Star_KF",10,2024-08-13,2024-08-17,"Star","KF",2,2,"Red",38.9,38.7,NA,"outer",2,0.514138817480709,2.375,2.5,0.424657534246575,0.444444444444444,0.375,0.5
"447","Star_KF",10,2024-08-13,2024-08-17,"Star","KF",2,3,"Red",36.7,38.4,NA,"outer",3,-4.63215258855585,2.375,2.5,0.424657534246575,0.444444444444444,0.625,0.5
"448","Star_KF",10,2024-08-13,2024-08-17,"Star","KF",2,4,"Red",46.1,46.8,NA,"outer",4,-1.51843817787418,2.375,2.5,0.424657534246575,0.444444444444444,1.625,1.5
"449","Star_KF",10,2024-08-13,2024-08-17,"Star","KF",2,5,"Red",74.1,73.7,NA,"outer",5,0.539811066126844,2.375,2.5,0.424657534246575,0.444444444444444,2.625,2.5
"450","Star_KF",10,2024-08-13,2024-08-17,"Star","KF",2,6,"Red",43,43.5,NA,"outer",6,-1.16279069767442,2.375,2.5,0.424657534246575,0.444444444444444,3.625,3.5
"451","Star_KF",10,2024-08-13,2024-08-17,"Star","KF",2,7,"Red",46.1,48.3,NA,"outer",7,-4.77223427331886,2.375,2.5,0.424657534246575,0.444444444444444,4.625,4.5
"452","Star_KF",10,2024-08-13,2024-08-17,"Star","KF",2,8,"Red",57.4,57,NA,"outer",8,0.696864111498255,2.375,2.5,0.424657534246575,0.444444444444444,5.625,5.5
"453","Star_KF",10,2024-08-13,2024-08-17,"Star","KF",2,9,"Red",56.3,56.9,NA,"inner",1.5,-1.06571936056839,2.375,2.5,0.424657534246575,0.444444444444444,0.875,1
"454","Star_KF",10,2024-08-13,2024-08-17,"Star","KF",2,10,"Red",58.1,57.7,NA,"inner",3.5,0.688468158347674,2.375,2.5,0.424657534246575,0.444444444444444,1.125,1
"455","Star_KF",10,2024-08-13,2024-08-17,"Star","KF",2,11,"Red",61.8,63.4,NA,"inner",5.5,-2.58899676375405,2.375,2.5,0.424657534246575,0.444444444444444,3.125,3
"456","Star_KF",10,2024-08-13,2024-08-17,"Star","KF",2,12,"Red",67.4,65.6,NA,"inner",7.5,2.67062314540061,2.375,2.5,0.424657534246575,0.444444444444444,5.125,5
"457","Star_KF",11,2024-08-19,2024-08-22,"Star","KF",1,1,"Green",51.9,52,NA,"outer",1,-0.192678227360311,3.875,4,0.925925925925926,0.890909090909091,2.875,3
"458","Star_KF",11,2024-08-19,2024-08-22,"Star","KF",1,2,"Green",23.4,23.6,NA,"outer",2,-0.854700854700867,3.875,4,0.925925925925926,0.890909090909091,1.875,2
"459","Star_KF",11,2024-08-19,2024-08-22,"Star","KF",1,3,"Green",38.4,39.1,NA,"outer",3,-1.82291666666667,3.875,4,0.925925925925926,0.890909090909091,0.875,1
"460","Star_KF",11,2024-08-19,2024-08-22,"Star","KF",1,4,"Green",40.1,40.8,NA,"outer",4,-1.74563591022443,3.875,4,0.925925925925926,0.890909090909091,0.125,0
"461","Star_KF",11,2024-08-19,2024-08-22,"Star","KF",1,5,"Green",27.6,28,NA,"outer",5,-1.44927536231884,3.875,4,0.925925925925926,0.890909090909091,1.125,1
"462","Star_KF",11,2024-08-19,2024-08-22,"Star","KF",1,6,"Green",48.1,49.2,NA,"outer",6,-2.28690228690229,3.875,4,0.925925925925926,0.890909090909091,2.125,2
"463","Star_KF",11,2024-08-19,2024-08-22,"Star","KF",1,7,"Green",62.7,63.3,NA,"outer",7,-0.956937799043053,3.875,4,0.925925925925926,0.890909090909091,3.125,3
"464","Star_KF",11,2024-08-19,2024-08-22,"Star","KF",1,8,"Green",37.9,39,NA,"outer",8,-2.9023746701847,3.875,4,0.925925925925926,0.890909090909091,4.125,4
"465","Star_KF",11,2024-08-19,2024-08-22,"Star","KF",1,9,"Green",47.2,48.1,NA,"inner",1.5,-1.90677966101695,3.875,4,0.925925925925926,0.890909090909091,2.375,2.5
"466","Star_KF",11,2024-08-19,2024-08-22,"Star","KF",1,10,"Green",59.3,59.5,NA,"inner",3.5,-0.337268128161893,3.875,4,0.925925925925926,0.890909090909091,0.375,0.5
"467","Star_KF",11,2024-08-19,2024-08-22,"Star","KF",1,11,"Green",47.9,47.9,NA,"inner",5.5,0,3.875,4,0.925925925925926,0.890909090909091,1.625,1.5
"468","Star_KF",11,2024-08-19,2024-08-22,"Star","KF",1,12,"Green",52.2,52.8,NA,"inner",7.5,-1.14942528735631,3.875,4,0.925925925925926,0.890909090909091,3.625,3.5
"469","Star_KF",12,2024-08-24,NA,"Star","KF",2,1,"Red",35,35.9,NA,"outer",1,-2.57142857142857,3.5,3.5,0.733333333333333,0.733333333333333,2.5,2.5
"470","Star_KF",12,2024-08-24,NA,"Star","KF",2,2,"Red",41,40.2,NA,"outer",2,1.95121951219512,3.5,3.5,0.733333333333333,0.733333333333333,1.5,1.5
"471","Star_KF",12,2024-08-24,NA,"Star","KF",2,3,"Red",66,68,NA,"outer",3,-3.03030303030303,3.5,3.5,0.733333333333333,0.733333333333333,0.5,0.5
"472","Star_KF",12,2024-08-24,NA,"Star","KF",2,4,"Red",41.3,42.1,NA,"outer",4,-1.93704600484263,3.5,3.5,0.733333333333333,0.733333333333333,0.5,0.5
"473","Star_KF",12,2024-08-24,NA,"Star","KF",2,5,"Red",44.3,44.6,NA,"outer",5,-0.677200902934547,3.5,3.5,0.733333333333333,0.733333333333333,1.5,1.5
"474","Star_KF",12,2024-08-24,NA,"Star","KF",2,6,"Red",36.7,36.8,NA,"outer",6,-0.272479564032682,3.5,3.5,0.733333333333333,0.733333333333333,2.5,2.5
"475","Star_KF",12,2024-08-24,NA,"Star","KF",2,7,"Red",42.6,43.7,NA,"outer",7,-2.58215962441315,3.5,3.5,0.733333333333333,0.733333333333333,3.5,3.5
"476","Star_KF",12,2024-08-24,NA,"Star","KF",2,8,"Red",34.6,34.6,NA,"outer",8,0,3.5,3.5,0.733333333333333,0.733333333333333,4.5,4.5
"477","Star_KF",12,2024-08-24,NA,"Star","KF",2,9,"Red",34.4,34.7,NA,"inner",1.5,-0.872093023255826,3.5,3.5,0.733333333333333,0.733333333333333,2,2
"478","Star_KF",12,2024-08-24,NA,"Star","KF",2,10,"Red",26.6,26.3,NA,"inner",3.5,1.12781954887218,3.5,3.5,0.733333333333333,0.733333333333333,0,0
"479","Star_KF",12,2024-08-24,NA,"Star","KF",2,11,"Red",28.7,29.2,NA,"inner",5.5,-1.74216027874564,3.5,3.5,0.733333333333333,0.733333333333333,2,2
"480","Star_KF",12,2024-08-24,NA,"Star","KF",2,12,"Red",36.8,35.8,NA,"inner",7.5,2.71739130434783,3.5,3.5,0.733333333333333,0.733333333333333,4,4
"481","Star_KF",2,2024-07-12,2024-07-17,"Star","KF",4,1,"Black",42.5,42.7,NA,"outer",1,-0.470588235294124,5.42857142857143,4.42857142857143,1.67647058823529,NA,4.42857142857143,3.42857142857143
"482","Star_KF",2,2024-07-12,2024-07-17,"Star","KF",4,2,"Black",29.4,29.5,NA,"outer",2,-0.340136054421774,5.42857142857143,4.42857142857143,1.67647058823529,NA,3.42857142857143,2.42857142857143
"483","Star_KF",2,2024-07-12,2024-07-17,"Star","KF",4,3,"Black",39.8,26.8,NA,"outer",3,32.6633165829146,5.42857142857143,4.42857142857143,1.67647058823529,NA,2.42857142857143,1.42857142857143
"484","Star_KF",2,2024-07-12,2024-07-17,"Star","KF",4,4,"Black",30.6,31,NA,"outer",4,-1.30718954248366,5.42857142857143,4.42857142857143,1.67647058823529,NA,1.42857142857143,0.428571428571428
"485","Star_KF",2,2024-07-12,2024-07-17,"Star","KF",4,5,"Black",30.9,30.8,NA,"outer",5,0.323624595469249,5.42857142857143,4.42857142857143,1.67647058823529,NA,0.428571428571428,0.571428571428572
"486","Star_KF",2,2024-07-12,2024-07-17,"Star","KF",4,6,"Black",28.9,28.4,NA,"outer",6,1.73010380622837,5.42857142857143,4.42857142857143,1.67647058823529,NA,0.571428571428572,1.57142857142857
"487","Star_KF",2,2024-07-12,2024-07-17,"Star","KF",4,7,"Black",31.6,31.9,NA,"outer",7,-0.949367088607586,5.42857142857143,4.42857142857143,1.67647058823529,NA,1.57142857142857,2.57142857142857
"488","Star_KF",2,2024-07-12,2024-07-17,"Star","KF",4,8,"Black",21.2,22.8,NA,"outer",8,-7.54716981132076,5.42857142857143,4.42857142857143,1.67647058823529,NA,2.57142857142857,3.57142857142857
"489","Star_KF",2,2024-07-12,2024-07-17,"Star","KF",4,9,"Black",19.3,21.4,NA,"inner",1.5,-10.880829015544,5.42857142857143,4.42857142857143,1.67647058823529,NA,3.92857142857143,2.92857142857143
"490","Star_KF",2,2024-07-12,2024-07-17,"Star","KF",4,10,"Black",36.3,38,NA,"inner",3.5,-4.68319559228651,5.42857142857143,4.42857142857143,1.67647058823529,NA,1.92857142857143,0.928571428571428
"491","Star_KF",2,2024-07-12,2024-07-17,"Star","KF",4,11,"Black",37.8,38.8,NA,"inner",5.5,-2.64550264550265,5.42857142857143,4.42857142857143,1.67647058823529,NA,0.0714285714285721,1.07142857142857
"492","Star_KF",2,2024-07-12,2024-07-17,"Star","KF",4,12,"Black",18.8,18.8,NA,"inner",7.5,0,5.42857142857143,4.42857142857143,1.67647058823529,NA,2.07142857142857,3.07142857142857
"493","Star_KF",3,2024-07-16,2024-07-20,"Star","KF",1,1,"Green",56.9,67.6,"T3 after kelp was super slimy and degraded - in the first place blades were thin and degrading at the top - think this added to mucus production and increases in mass","outer",1,-18.804920913884,2.75,4.375,0.529411764705882,1.08,1.75,3.375
"494","Star_KF",3,2024-07-16,2024-07-20,"Star","KF",1,2,"Green",45.9,46.6,NA,"outer",2,-1.52505446623094,2.75,4.375,0.529411764705882,1.08,0.75,2.375
"495","Star_KF",3,2024-07-16,2024-07-20,"Star","KF",1,3,"Green",41.1,44,NA,"outer",3,-7.05596107055961,2.75,4.375,0.529411764705882,1.08,0.25,1.375
"496","Star_KF",3,2024-07-16,2024-07-20,"Star","KF",1,4,"Green",40.9,45.5,NA,"outer",4,-11.2469437652812,2.75,4.375,0.529411764705882,1.08,1.25,0.375
"497","Star_KF",3,2024-07-16,2024-07-20,"Star","KF",1,5,"Green",37.9,38.6,NA,"outer",5,-1.84696569920845,2.75,4.375,0.529411764705882,1.08,2.25,0.625
"498","Star_KF",3,2024-07-16,2024-07-20,"Star","KF",1,6,"Green",48.2,49.1,NA,"outer",6,-1.86721991701245,2.75,4.375,0.529411764705882,1.08,3.25,1.625
"499","Star_KF",3,2024-07-16,2024-07-20,"Star","KF",1,7,"Green",42.9,42.3,NA,"outer",7,1.3986013986014,2.75,4.375,0.529411764705882,1.08,4.25,2.625
"500","Star_KF",3,2024-07-16,2024-07-20,"Star","KF",1,8,"Green",53.5,59.1,NA,"outer",8,-10.4672897196262,2.75,4.375,0.529411764705882,1.08,5.25,3.625
"501","Star_KF",3,2024-07-16,2024-07-20,"Star","KF",1,9,"Green",48.7,52.3,NA,"inner",1.5,-7.39219712525666,2.75,4.375,0.529411764705882,1.08,1.25,2.875
"502","Star_KF",3,2024-07-16,2024-07-20,"Star","KF",1,10,"Green",53.4,57.4,NA,"inner",3.5,-7.49063670411985,2.75,4.375,0.529411764705882,1.08,0.75,0.875
"503","Star_KF",3,2024-07-16,2024-07-20,"Star","KF",1,11,"Green",54.3,61.8,NA,"inner",5.5,-13.8121546961326,2.75,4.375,0.529411764705882,1.08,2.75,1.125
"504","Star_KF",3,2024-07-16,2024-07-20,"Star","KF",1,12,"Green",58.7,64.5,NA,"inner",7.5,-9.88074957410562,2.75,4.375,0.529411764705882,1.08,4.75,3.125
"505","Star_KF",4,2024-07-18,2024-07-24,"Star","KF",3,1,"Blue",50.1,53.3,NA,"outer",1,-6.38722554890219,1.25,2,0.223529411764706,0.316455696202532,0.25,1
"506","Star_KF",4,2024-07-18,2024-07-24,"Star","KF",3,2,"Blue",79.5,78.1,NA,"outer",2,1.76100628930818,1.25,2,0.223529411764706,0.316455696202532,0.75,0
"507","Star_KF",4,2024-07-18,2024-07-24,"Star","KF",3,3,"Blue",78,84.8,NA,"outer",3,-8.71794871794872,1.25,2,0.223529411764706,0.316455696202532,1.75,1
"508","Star_KF",4,2024-07-18,2024-07-24,"Star","KF",3,4,"Blue",51.1,47.6,NA,"outer",4,6.84931506849315,1.25,2,0.223529411764706,0.316455696202532,2.75,2
"509","Star_KF",4,2024-07-18,2024-07-24,"Star","KF",3,5,"Blue",80.7,75.6,NA,"outer",5,6.31970260223049,1.25,2,0.223529411764706,0.316455696202532,3.75,3
"510","Star_KF",4,2024-07-18,2024-07-24,"Star","KF",3,6,"Blue",16.5,16.8,NA,"outer",6,-1.81818181818182,1.25,2,0.223529411764706,0.316455696202532,4.75,4
"511","Star_KF",4,2024-07-18,2024-07-24,"Star","KF",3,7,"Blue",43.8,45.5,NA,"outer",7,-3.88127853881279,1.25,2,0.223529411764706,0.316455696202532,5.75,5
"512","Star_KF",4,2024-07-18,2024-07-24,"Star","KF",3,8,"Blue",53.2,53,NA,"outer",8,0.375939849624065,1.25,2,0.223529411764706,0.316455696202532,6.75,6
"513","Star_KF",4,2024-07-18,2024-07-24,"Star","KF",3,9,"Blue",66.9,64.4,NA,"inner",1.5,3.73692077727952,1.25,2,0.223529411764706,0.316455696202532,0.25,0.5
"514","Star_KF",4,2024-07-18,2024-07-24,"Star","KF",3,10,"Blue",28,26.4,NA,"inner",3.5,5.71428571428572,1.25,2,0.223529411764706,0.316455696202532,2.25,1.5
"515","Star_KF",4,2024-07-18,2024-07-24,"Star","KF",3,11,"Blue",79.6,83.7,NA,"inner",5.5,-5.15075376884423,1.25,2,0.223529411764706,0.316455696202532,4.25,3.5
"516","Star_KF",4,2024-07-18,2024-07-24,"Star","KF",3,12,"Blue",32.4,29.6,NA,"inner",7.5,8.64197530864197,1.25,2,0.223529411764706,0.316455696202532,6.25,5.5
"517","Star_KF",5,2024-07-23,2024-07-27,"Star","KF",2,1,"Red",41.9,42.3,NA,"outer",1,-0.954653937947491,2,3.83333333333333,0.3,0.902439024390244,1,2.83333333333333
"518","Star_KF",5,2024-07-23,2024-07-27,"Star","KF",2,2,"Red",32.3,30.1,NA,"outer",2,6.8111455108359,2,3.83333333333333,0.3,0.902439024390244,0,1.83333333333333
"519","Star_KF",5,2024-07-23,2024-07-27,"Star","KF",2,3,"Red",40.2,35.2,NA,"outer",3,12.4378109452736,2,3.83333333333333,0.3,0.902439024390244,1,0.833333333333333
"520","Star_KF",5,2024-07-23,2024-07-27,"Star","KF",2,4,"Red",40.5,41.3,NA,"outer",4,-1.9753086419753,2,3.83333333333333,0.3,0.902439024390244,2,0.166666666666667
"521","Star_KF",5,2024-07-23,2024-07-27,"Star","KF",2,5,"Red",36.8,37.9,NA,"outer",5,-2.98913043478261,2,3.83333333333333,0.3,0.902439024390244,3,1.16666666666667
"522","Star_KF",5,2024-07-23,2024-07-27,"Star","KF",2,6,"Red",37.7,37.7,NA,"outer",6,0,2,3.83333333333333,0.3,0.902439024390244,4,2.16666666666667
"523","Star_KF",5,2024-07-23,2024-07-27,"Star","KF",2,7,"Red",39.6,40.1,NA,"outer",7,-1.26262626262626,2,3.83333333333333,0.3,0.902439024390244,5,3.16666666666667
"524","Star_KF",5,2024-07-23,2024-07-27,"Star","KF",2,8,"Red",38.9,39.5,NA,"outer",8,-1.54241645244216,2,3.83333333333333,0.3,0.902439024390244,6,4.16666666666667
"525","Star_KF",5,2024-07-23,2024-07-27,"Star","KF",2,9,"Red",38.9,38.9,NA,"inner",1.5,0,2,3.83333333333333,0.3,0.902439024390244,0.5,2.33333333333333
"526","Star_KF",5,2024-07-23,2024-07-27,"Star","KF",2,10,"Red",33,33.5,NA,"inner",3.5,-1.51515151515152,2,3.83333333333333,0.3,0.902439024390244,1.5,0.333333333333333
"527","Star_KF",5,2024-07-23,2024-07-27,"Star","KF",2,11,"Red",39.1,38.9,NA,"inner",5.5,0.511508951406657,2,3.83333333333333,0.3,0.902439024390244,3.5,1.66666666666667
"528","Star_KF",5,2024-07-23,2024-07-27,"Star","KF",2,12,"Red",54.2,54.8,NA,"inner",7.5,-1.10701107011069,2,3.83333333333333,0.3,0.902439024390244,5.5,3.66666666666667
"529","Star_KF",6,2024-07-25,2025-07-31,"Star","KF",3,1,"Blue",65.9,66.8,NA,"outer",1,-1.36570561456751,1.375,1.375,0.238095238095238,0.223529411764706,0.375,0.375
"530","Star_KF",6,2024-07-25,2025-07-31,"Star","KF",3,2,"Blue",36,36.4,NA,"outer",2,-1.11111111111111,1.375,1.375,0.238095238095238,0.223529411764706,0.625,0.625
"531","Star_KF",6,2024-07-25,2025-07-31,"Star","KF",3,3,"Blue",33.4,31.2,NA,"outer",3,6.58682634730539,1.375,1.375,0.238095238095238,0.223529411764706,1.625,1.625
"532","Star_KF",6,2024-07-25,2025-07-31,"Star","KF",3,4,"Blue",39.3,39.4,NA,"outer",4,-0.254452926208655,1.375,1.375,0.238095238095238,0.223529411764706,2.625,2.625
"533","Star_KF",6,2024-07-25,2025-07-31,"Star","KF",3,5,"Blue",36.8,37.1,NA,"outer",5,-0.81521739130436,1.375,1.375,0.238095238095238,0.223529411764706,3.625,3.625
"534","Star_KF",6,2024-07-25,2025-07-31,"Star","KF",3,6,"Blue",31.9,32.1,NA,"outer",6,-0.626959247648912,1.375,1.375,0.238095238095238,0.223529411764706,4.625,4.625
"535","Star_KF",6,2024-07-25,2025-07-31,"Star","KF",3,7,"Blue",30.3,30.8,NA,"outer",7,-1.65016501650165,1.375,1.375,0.238095238095238,0.223529411764706,5.625,5.625
"536","Star_KF",6,2024-07-25,2025-07-31,"Star","KF",3,8,"Blue",31.2,31.2,NA,"outer",8,0,1.375,1.375,0.238095238095238,0.223529411764706,6.625,6.625
"537","Star_KF",6,2024-07-25,2025-07-31,"Star","KF",3,9,"Blue",26.4,27.2,NA,"inner",1.5,-3.03030303030303,1.375,1.375,0.238095238095238,0.223529411764706,0.125,0.125
"538","Star_KF",6,2024-07-25,2025-07-31,"Star","KF",3,10,"Blue",34.7,35.3,NA,"inner",3.5,-1.72910662824206,1.375,1.375,0.238095238095238,0.223529411764706,2.125,2.125
"539","Star_KF",6,2024-07-25,2025-07-31,"Star","KF",3,11,"Blue",35.1,35.5,NA,"inner",5.5,-1.13960113960114,1.375,1.375,0.238095238095238,0.223529411764706,4.125,4.125
"540","Star_KF",6,2024-07-25,2025-07-31,"Star","KF",3,12,"Blue",42.1,42.1,NA,"inner",7.5,0,1.375,1.375,0.238095238095238,0.223529411764706,6.125,6.125
"541","Star_KF",7,2024-07-29,2024-08-03,"Star","KF",3,1,"Blue",63.8,62.3,NA,"outer",1,2.35109717868339,2.85714285714286,2,0.568965517241379,0.358208955223881,1.85714285714286,1
"542","Star_KF",7,2024-07-29,2024-08-03,"Star","KF",3,2,"Blue",85.3,83.7,NA,"outer",2,1.87573270808909,2.85714285714286,2,0.568965517241379,0.358208955223881,0.857142857142857,0
"543","Star_KF",7,2024-07-29,2024-08-03,"Star","KF",3,3,"Blue",82.5,83,NA,"outer",3,-0.606060606060606,2.85714285714286,2,0.568965517241379,0.358208955223881,0.142857142857143,1
"544","Star_KF",7,2024-07-29,2024-08-03,"Star","KF",3,4,"Blue",87.2,87.7,NA,"outer",4,-0.573394495412844,2.85714285714286,2,0.568965517241379,0.358208955223881,1.14285714285714,2
"545","Star_KF",7,2024-07-29,2024-08-03,"Star","KF",3,5,"Blue",81.4,82.2,NA,"outer",5,-0.982800982800979,2.85714285714286,2,0.568965517241379,0.358208955223881,2.14285714285714,3
"546","Star_KF",7,2024-07-29,2024-08-03,"Star","KF",3,6,"Blue",71.3,69.7,NA,"outer",6,2.24403927068723,2.85714285714286,2,0.568965517241379,0.358208955223881,3.14285714285714,4
"547","Star_KF",7,2024-07-29,2024-08-03,"Star","KF",3,7,"Blue",75.2,75.7,NA,"outer",7,-0.664893617021277,2.85714285714286,2,0.568965517241379,0.358208955223881,4.14285714285714,5
"548","Star_KF",7,2024-07-29,2024-08-03,"Star","KF",3,8,"Blue",71.9,72.9,NA,"outer",8,-1.39082058414465,2.85714285714286,2,0.568965517241379,0.358208955223881,5.14285714285714,6
"549","Star_KF",7,2024-07-29,2024-08-03,"Star","KF",3,9,"Blue",52.1,52.5,NA,"inner",1.5,-0.76775431861804,2.85714285714286,2,0.568965517241379,0.358208955223881,1.35714285714286,0.5
"550","Star_KF",7,2024-07-29,2024-08-03,"Star","KF",3,10,"Blue",92.5,92.2,NA,"inner",3.5,0.324324324324321,2.85714285714286,2,0.568965517241379,0.358208955223881,0.642857142857143,1.5
"551","Star_KF",7,2024-07-29,2024-08-03,"Star","KF",3,11,"Blue",50,48.8,NA,"inner",5.5,2.40000000000001,2.85714285714286,2,0.568965517241379,0.358208955223881,2.64285714285714,3.5
"552","Star_KF",7,2024-07-29,2024-08-03,"Star","KF",3,12,"Blue",46.5,45.5,NA,"inner",7.5,2.1505376344086,2.85714285714286,2,0.568965517241379,0.358208955223881,4.64285714285714,5.5
"553","Star_KF",8,2024-08-05,2024-08-08,"Star","KF",4,1,"Black",72.3,73.7,NA,"outer",1,-1.93637621023514,1,1,0.181818181818182,0.181818181818182,0,0
"554","Star_KF",8,2024-08-05,2024-08-08,"Star","KF",4,2,"Black",71.2,72.7,NA,"outer",2,-2.10674157303371,1,1,0.181818181818182,0.181818181818182,1,1
"555","Star_KF",8,2024-08-05,2024-08-08,"Star","KF",4,3,"Black",38.8,40.1,NA,"outer",3,-3.35051546391754,1,1,0.181818181818182,0.181818181818182,2,2
"556","Star_KF",8,2024-08-05,2024-08-08,"Star","KF",4,4,"Black",70.1,71.4,NA,"outer",4,-1.85449358059916,1,1,0.181818181818182,0.181818181818182,3,3
"557","Star_KF",8,2024-08-05,2024-08-08,"Star","KF",4,5,"Black",25.2,25.5,NA,"outer",5,-1.19047619047619,1,1,0.181818181818182,0.181818181818182,4,4
"558","Star_KF",8,2024-08-05,2024-08-08,"Star","KF",4,6,"Black",29.6,30.1,NA,"outer",6,-1.68918918918919,1,1,0.181818181818182,0.181818181818182,5,5
"559","Star_KF",8,2024-08-05,2024-08-08,"Star","KF",4,7,"Black",29.9,30.3,NA,"outer",7,-1.33779264214048,1,1,0.181818181818182,0.181818181818182,6,6
"560","Star_KF",8,2024-08-05,2024-08-08,"Star","KF",4,8,"Black",77.2,77.9,NA,"outer",8,-0.90673575129534,1,1,0.181818181818182,0.181818181818182,7,7
"561","Star_KF",8,2024-08-05,2024-08-08,"Star","KF",4,9,"Black",36.8,37.8,NA,"inner",1.5,-2.71739130434783,1,1,0.181818181818182,0.181818181818182,0.5,0.5
"562","Star_KF",8,2024-08-05,2024-08-08,"Star","KF",4,10,"Black",18.7,18.9,NA,"inner",3.5,-1.06951871657754,1,1,0.181818181818182,0.181818181818182,2.5,2.5
"563","Star_KF",8,2024-08-05,2024-08-08,"Star","KF",4,11,"Black",21.4,17.3,NA,"inner",5.5,19.1588785046729,1,1,0.181818181818182,0.181818181818182,4.5,4.5
"564","Star_KF",8,2024-08-05,2024-08-08,"Star","KF",4,12,"Black",76.9,77.6,NA,"inner",7.5,-0.910273081924563,1,1,0.181818181818182,0.181818181818182,6.5,6.5
"565","Star_KF",9,2024-08-11,2024-08-14,"Star","KF",1,1,"Green",63.3,61.6,NA,"outer",1,2.68562401263822,3.125,1.25,0.575757575757576,0.168539325842697,2.125,0.25
"566","Star_KF",9,2024-08-11,2024-08-14,"Star","KF",1,2,"Green",59.3,60.8,NA,"outer",2,-2.52951096121417,3.125,1.25,0.575757575757576,0.168539325842697,1.125,0.75
"567","Star_KF",9,2024-08-11,2024-08-14,"Star","KF",1,3,"Green",70.3,70.3,NA,"outer",3,0,3.125,1.25,0.575757575757576,0.168539325842697,0.125,1.75
"568","Star_KF",9,2024-08-11,2024-08-14,"Star","KF",1,4,"Green",70.4,68.8,NA,"outer",4,2.27272727272728,3.125,1.25,0.575757575757576,0.168539325842697,0.875,2.75
"569","Star_KF",9,2024-08-11,2024-08-14,"Star","KF",1,5,"Green",57.1,58.8,NA,"outer",5,-2.97723292469351,3.125,1.25,0.575757575757576,0.168539325842697,1.875,3.75
"570","Star_KF",9,2024-08-11,2024-08-14,"Star","KF",1,6,"Green",61.6,63.4,NA,"outer",6,-2.92207792207792,3.125,1.25,0.575757575757576,0.168539325842697,2.875,4.75
"571","Star_KF",9,2024-08-11,2024-08-14,"Star","KF",1,7,"Green",62.5,62.8,NA,"outer",7,-0.479999999999995,3.125,1.25,0.575757575757576,0.168539325842697,3.875,5.75
"572","Star_KF",9,2024-08-11,2024-08-14,"Star","KF",1,8,"Green",67.6,69.9,NA,"outer",8,-3.40236686390534,3.125,1.25,0.575757575757576,0.168539325842697,4.875,6.75
"573","Star_KF",9,2024-08-11,2024-08-14,"Star","KF",1,9,"Green",80.9,82.1,NA,"inner",1.5,-1.4833127317676,3.125,1.25,0.575757575757576,0.168539325842697,1.625,0.25
"574","Star_KF",9,2024-08-11,2024-08-14,"Star","KF",1,10,"Green",86.7,88.4,NA,"inner",3.5,-1.96078431372549,3.125,1.25,0.575757575757576,0.168539325842697,0.375,2.25
"575","Star_KF",9,2024-08-11,2024-08-14,"Star","KF",1,11,"Green",75.2,75.7,NA,"inner",5.5,-0.664893617021277,3.125,1.25,0.575757575757576,0.168539325842697,2.375,4.25
"576","Star_KF",9,2024-08-11,2024-08-14,"Star","KF",1,12,"Green",86.4,87,NA,"inner",7.5,-0.694444444444438,3.125,1.25,0.575757575757576,0.168539325842697,4.375,6.25
