"","Date_time_before","Date_time_after","Trial","Treatment","Pred_treatment","Urch_habitat_treatment","Tank","Kelp_ID","Kelp_color","Kelp_weight_before_g","Kelp_weight_after_g","Notes","pcnt_grazed"
"1",2024-07-09,2024-07-13,1,"Control_KF","Control","KF",1,1,"Green",58.8,58.9,NA,-0.170068027210887
"2",2024-07-09,2024-07-13,1,"Control_KF","Control","KF",1,2,"Green",70.9,72.6,NA,-2.39774330042312
"3",2024-07-09,2024-07-13,1,"Control_KF","Control","KF",1,3,"Green",68.2,67.9,NA,0.43988269794721
"4",2024-07-09,2024-07-13,1,"Control_KF","Control","KF",1,4,"Green",69.4,69.3,NA,0.144092219020185
"5",2024-07-09,2024-07-13,1,"Control_KF","Control","KF",1,5,"Green",68.4,70.5,NA,-3.07017543859648
"6",2024-07-09,2024-07-13,1,"Control_KF","Control","KF",1,6,"Green",68.1,63.1,NA,7.34214390602055
"7",2024-07-09,2024-07-13,1,"Control_KF","Control","KF",1,7,"Green",76.2,76.2,NA,0
"8",2024-07-09,2024-07-13,1,"Control_KF","Control","KF",1,8,"Green",73,74.9,NA,-2.6027397260274
"9",2024-07-09,2024-07-13,1,"Control_KF","Control","KF",1,9,"Green",66.5,67.3,NA,-1.20300751879699
"10",2024-07-09,2024-07-13,1,"Control_KF","Control","KF",1,10,"Green",79.7,81.4,NA,-2.13299874529486
"11",2024-07-09,2024-07-13,1,"Control_KF","Control","KF",1,11,"Green",92.6,92.2,NA,0.43196544276457
"12",2024-07-09,2024-07-13,1,"Control_KF","Control","KF",1,12,"Green",60.7,58.7,NA,3.29489291598023
"13",2024-07-09,2024-07-13,1,"Star_KF","Star","KF",2,1,"Red",59.6,38.8,NA,34.8993288590604
"14",2024-07-09,2024-07-13,1,"Star_KF","Star","KF",2,2,"Red",66.3,67,NA,-1.05580693815988
"15",2024-07-09,2024-07-13,1,"Star_KF","Star","KF",2,3,"Red",73.4,74.3,NA,-1.22615803814713
"16",2024-07-09,2024-07-13,1,"Star_KF","Star","KF",2,4,"Red",73.5,75.9,NA,-3.26530612244899
"17",2024-07-09,2024-07-13,1,"Star_KF","Star","KF",2,5,"Red",64,65.7,NA,-2.65625
"18",2024-07-09,2024-07-13,1,"Star_KF","Star","KF",2,6,"Red",67.2,68.9,NA,-2.52976190476191
"19",2024-07-09,2024-07-13,1,"Star_KF","Star","KF",2,7,"Red",76.9,78.5,NA,-2.08062418725617
"20",2024-07-09,2024-07-13,1,"Star_KF","Star","KF",2,8,"Red",73.9,76.6,NA,-3.65358592692827
"21",2024-07-09,2024-07-13,1,"Star_KF","Star","KF",2,9,"Red",58.3,58.7,NA,-0.686106346483715
"22",2024-07-09,2024-07-13,1,"Star_KF","Star","KF",2,10,"Red",65.6,66.5,NA,-1.3719512195122
"23",2024-07-09,2024-07-13,1,"Star_KF","Star","KF",2,11,"Red",49.2,49.9,NA,-1.42276422764227
"24",2024-07-09,2024-07-13,1,"Star_KF","Star","KF",2,12,"Red",50.7,51.6,NA,-1.77514792899408
"25",2024-07-09,2024-07-13,1,"Star_B","Star","B",3,1,"Blue",64.3,50.1,NA,22.0839813374806
"26",2024-07-09,2024-07-13,1,"Star_B","Star","B",3,2,"Blue",47.8,32.6,NA,31.7991631799163
"27",2024-07-09,2024-07-13,1,"Star_B","Star","B",3,3,"Blue",50.8,48.3,NA,4.92125984251969
"28",2024-07-09,2024-07-13,1,"Star_B","Star","B",3,4,"Blue",61.9,60.4,NA,2.4232633279483
"29",2024-07-09,2024-07-13,1,"Star_B","Star","B",3,5,"Blue",62.5,56.9,NA,8.96
"30",2024-07-09,2024-07-13,1,"Star_B","Star","B",3,6,"Blue",58.4,51.5,NA,11.8150684931507
"31",2024-07-09,2024-07-13,1,"Star_B","Star","B",3,7,"Blue",54.1,9.5,NA,82.4399260628466
"32",2024-07-09,2024-07-13,1,"Star_B","Star","B",3,8,"Blue",49.7,44.2,NA,11.0663983903421
"33",2024-07-09,2024-07-13,1,"Star_B","Star","B",3,9,"Blue",50.9,49.6,NA,2.55402750491159
"34",2024-07-09,2024-07-13,1,"Star_B","Star","B",3,10,"Blue",50.7,49.2,NA,2.9585798816568
"35",2024-07-09,2024-07-13,1,"Star_B","Star","B",3,11,"Blue",47.8,43.3,NA,9.4142259414226
"36",2024-07-09,2024-07-13,1,"Star_B","Star","B",3,12,"Blue",46,45.3,NA,1.52173913043479
"37",2024-07-09,2024-07-13,1,"Control_B","Control","B",4,1,"Black",74.1,53,NA,28.4750337381916
"38",2024-07-09,2024-07-13,1,"Control_B","Control","B",4,2,"Black",55.4,42.3,NA,23.6462093862816
"39",2024-07-09,2024-07-13,1,"Control_B","Control","B",4,3,"Black",49.2,9.5,NA,80.6910569105691
"40",2024-07-09,2024-07-13,1,"Control_B","Control","B",4,4,"Black",54.5,42.6,NA,21.8348623853211
"41",2024-07-09,2024-07-13,1,"Control_B","Control","B",4,5,"Black",75.5,71.9,NA,4.76821192052979
"42",2024-07-09,2024-07-13,1,"Control_B","Control","B",4,6,"Black",69,59.1,NA,14.3478260869565
"43",2024-07-09,2024-07-13,1,"Control_B","Control","B",4,7,"Black",69,58,NA,15.9420289855072
"44",2024-07-09,2024-07-13,1,"Control_B","Control","B",4,8,"Black",66.8,56.1,NA,16.0179640718563
"45",2024-07-09,2024-07-13,1,"Control_B","Control","B",4,9,"Black",55.2,50,NA,9.42028985507247
"46",2024-07-09,2024-07-13,1,"Control_B","Control","B",4,10,"Black",53,47.2,NA,10.9433962264151
"47",2024-07-09,2024-07-13,1,"Control_B","Control","B",4,11,"Black",50,51.2,NA,-2.40000000000001
"48",2024-07-09,2024-07-13,1,"Control_B","Control","B",4,12,"Black",48.6,46.7,NA,3.90946502057613
"49",2024-07-12,2024-07-17,2,"Star_B","Star","B",1,1,"Green",39.1,12.9,NA,67.0076726342711
"50",2024-07-12,2024-07-17,2,"Star_B","Star","B",1,2,"Green",48.7,47.6,NA,2.25872689938399
"51",2024-07-12,2024-07-17,2,"Star_B","Star","B",1,3,"Green",44.8,41.8,NA,6.69642857142857
"52",2024-07-12,2024-07-17,2,"Star_B","Star","B",1,4,"Green",47.6,38.1,NA,19.9579831932773
"53",2024-07-12,2024-07-17,2,"Star_B","Star","B",1,5,"Green",30.9,29.3,NA,5.17799352750808
"54",2024-07-12,2024-07-17,2,"Star_B","Star","B",1,6,"Green",38.7,32,NA,17.312661498708
"55",2024-07-12,2024-07-17,2,"Star_B","Star","B",1,7,"Green",27,23.2,NA,14.0740740740741
"56",2024-07-12,2024-07-17,2,"Star_B","Star","B",1,8,"Green",33.6,30,NA,10.7142857142857
"57",2024-07-12,2024-07-17,2,"Star_B","Star","B",1,9,"Green",24.4,25,NA,-2.45901639344263
"58",2024-07-12,2024-07-17,2,"Star_B","Star","B",1,10,"Green",25.6,26.8,NA,-4.6875
"59",2024-07-12,2024-07-17,2,"Star_B","Star","B",1,11,"Green",31.1,26.6,NA,14.4694533762058
"60",2024-07-12,2024-07-17,2,"Star_B","Star","B",1,12,"Green",52.2,50.8,NA,2.68199233716476
"61",2024-07-12,2024-07-17,2,"Control_B","Control","B",2,1,"Red",41.5,41.8,NA,-0.722891566265053
"62",2024-07-12,2024-07-17,2,"Control_B","Control","B",2,2,"Red",40.1,9.2,NA,77.0573566084788
"63",2024-07-12,2024-07-17,2,"Control_B","Control","B",2,3,"Red",42.5,11.2,NA,73.6470588235294
"64",2024-07-12,2024-07-17,2,"Control_B","Control","B",2,4,"Red",46.6,40.7,NA,12.6609442060086
"65",2024-07-12,2024-07-17,2,"Control_B","Control","B",2,5,"Red",54,50.7,NA,6.11111111111111
"66",2024-07-12,2024-07-17,2,"Control_B","Control","B",2,6,"Red",37.7,41.1,NA,-9.01856763925729
"67",2024-07-12,2024-07-17,2,"Control_B","Control","B",2,7,"Red",54.4,42.3,NA,22.2426470588235
"68",2024-07-12,2024-07-17,2,"Control_B","Control","B",2,8,"Red",52.4,39.9,NA,23.8549618320611
"69",2024-07-12,2024-07-17,2,"Control_B","Control","B",2,9,"Red",57.1,53.5,NA,6.30472854640981
"70",2024-07-12,2024-07-17,2,"Control_B","Control","B",2,10,"Red",27.2,27.2,NA,0
"71",2024-07-12,2024-07-17,2,"Control_B","Control","B",2,11,"Red",26.1,26.8,NA,-2.68199233716475
"72",2024-07-12,2024-07-17,2,"Control_B","Control","B",2,12,"Red",25.2,24.2,NA,3.96825396825397
"73",2024-07-12,2024-07-17,2,"Control_KF","Control","KF",3,1,"Blue",21,21,NA,0
"74",2024-07-12,2024-07-17,2,"Control_KF","Control","KF",3,2,"Blue",19.4,19.6,NA,-1.03092783505156
"75",2024-07-12,2024-07-17,2,"Control_KF","Control","KF",3,3,"Blue",16.3,16.3,NA,0
"76",2024-07-12,2024-07-17,2,"Control_KF","Control","KF",3,4,"Blue",34.4,35,NA,-1.74418604651163
"77",2024-07-12,2024-07-17,2,"Control_KF","Control","KF",3,5,"Blue",20.5,20.7,NA,-0.975609756097558
"78",2024-07-12,2024-07-17,2,"Control_KF","Control","KF",3,6,"Blue",17.3,17.9,NA,-3.46820809248554
"79",2024-07-12,2024-07-17,2,"Control_KF","Control","KF",3,7,"Blue",40.7,42.3,NA,-3.93120393120392
"80",2024-07-12,2024-07-17,2,"Control_KF","Control","KF",3,8,"Blue",19.2,19.4,NA,-1.04166666666666
"81",2024-07-12,2024-07-17,2,"Control_KF","Control","KF",3,9,"Blue",15.9,16.3,NA,-2.51572327044025
"82",2024-07-12,2024-07-17,2,"Control_KF","Control","KF",3,10,"Blue",40.6,41.3,NA,-1.72413793103447
"83",2024-07-12,2024-07-17,2,"Control_KF","Control","KF",3,11,"Blue",33.8,34.3,NA,-1.4792899408284
"84",2024-07-12,2024-07-17,2,"Control_KF","Control","KF",3,12,"Blue",32.7,33.2,NA,-1.52905198776758
"85",2024-07-12,2024-07-17,2,"Star_KF","Star","KF",4,1,"Black",42.5,42.7,NA,-0.470588235294124
"86",2024-07-12,2024-07-17,2,"Star_KF","Star","KF",4,2,"Black",29.4,29.5,NA,-0.340136054421774
"87",2024-07-12,2024-07-17,2,"Star_KF","Star","KF",4,3,"Black",39.8,26.8,NA,32.6633165829146
"88",2024-07-12,2024-07-17,2,"Star_KF","Star","KF",4,4,"Black",30.6,31,NA,-1.30718954248366
"89",2024-07-12,2024-07-17,2,"Star_KF","Star","KF",4,5,"Black",30.9,30.8,NA,0.323624595469249
"90",2024-07-12,2024-07-17,2,"Star_KF","Star","KF",4,6,"Black",28.9,28.4,NA,1.73010380622837
"91",2024-07-12,2024-07-17,2,"Star_KF","Star","KF",4,7,"Black",31.6,31.9,NA,-0.949367088607586
"92",2024-07-12,2024-07-17,2,"Star_KF","Star","KF",4,8,"Black",21.2,22.8,NA,-7.54716981132076
"93",2024-07-12,2024-07-17,2,"Star_KF","Star","KF",4,9,"Black",19.3,21.4,NA,-10.880829015544
"94",2024-07-12,2024-07-17,2,"Star_KF","Star","KF",4,10,"Black",36.3,38,NA,-4.68319559228651
"95",2024-07-12,2024-07-17,2,"Star_KF","Star","KF",4,11,"Black",37.8,38.8,NA,-2.64550264550265
"96",2024-07-12,2024-07-17,2,"Star_KF","Star","KF",4,12,"Black",18.8,18.8,NA,0
"97",2024-07-16,2024-07-20,3,"Star_KF","Star","KF",1,1,"Green",56.9,67.6,"T3 after kelp was super slimy and degraded - in the first place blades were thin and degrading at the top - think this added to mucus production and increases in mass",-18.804920913884
"98",2024-07-16,2024-07-20,3,"Star_KF","Star","KF",1,2,"Green",45.9,46.6,NA,-1.52505446623094
"99",2024-07-16,2024-07-20,3,"Star_KF","Star","KF",1,3,"Green",41.1,44,NA,-7.05596107055961
"100",2024-07-16,2024-07-20,3,"Star_KF","Star","KF",1,4,"Green",40.9,45.5,NA,-11.2469437652812
"101",2024-07-16,2024-07-20,3,"Star_KF","Star","KF",1,5,"Green",37.9,38.6,NA,-1.84696569920845
"102",2024-07-16,2024-07-20,3,"Star_KF","Star","KF",1,6,"Green",48.2,49.1,NA,-1.86721991701245
"103",2024-07-16,2024-07-20,3,"Star_KF","Star","KF",1,7,"Green",42.9,42.3,NA,1.3986013986014
"104",2024-07-16,2024-07-20,3,"Star_KF","Star","KF",1,8,"Green",53.5,59.1,NA,-10.4672897196262
"105",2024-07-16,2024-07-20,3,"Star_KF","Star","KF",1,9,"Green",48.7,52.3,NA,-7.39219712525666
"106",2024-07-16,2024-07-20,3,"Star_KF","Star","KF",1,10,"Green",53.4,57.4,NA,-7.49063670411985
"107",2024-07-16,2024-07-20,3,"Star_KF","Star","KF",1,11,"Green",54.3,61.8,NA,-13.8121546961326
"108",2024-07-16,2024-07-20,3,"Star_KF","Star","KF",1,12,"Green",58.7,64.5,NA,-9.88074957410562
"109",2024-07-16,2024-07-20,3,"Control_KF","Control","KF",2,1,"Red",36.6,31.7,NA,13.3879781420765
"110",2024-07-16,2024-07-20,3,"Control_KF","Control","KF",2,2,"Red",39,40.2,NA,-3.07692307692308
"111",2024-07-16,2024-07-20,3,"Control_KF","Control","KF",2,3,"Red",35.6,38.4,NA,-7.86516853932583
"112",2024-07-16,2024-07-20,3,"Control_KF","Control","KF",2,4,"Red",35,37.4,NA,-6.85714285714285
"113",2024-07-16,2024-07-20,3,"Control_KF","Control","KF",2,5,"Red",28,28.6,NA,-2.14285714285715
"114",2024-07-16,2024-07-20,3,"Control_KF","Control","KF",2,6,"Red",37.8,41.3,NA,-9.25925925925926
"115",2024-07-16,2024-07-20,3,"Control_KF","Control","KF",2,7,"Red",19.6,20.5,NA,-4.59183673469387
"116",2024-07-16,2024-07-20,3,"Control_KF","Control","KF",2,8,"Red",60.7,69.3,NA,-14.168039538715
"117",2024-07-16,2024-07-20,3,"Control_KF","Control","KF",2,9,"Red",61.1,65.9,NA,-7.85597381342063
"118",2024-07-16,2024-07-20,3,"Control_KF","Control","KF",2,10,"Red",25.6,27.6,NA,-7.8125
"119",2024-07-16,2024-07-20,3,"Control_KF","Control","KF",2,11,"Red",37.7,39.8,NA,-5.57029177718831
"120",2024-07-16,2024-07-20,3,"Control_KF","Control","KF",2,12,"Red",34.3,39,NA,-13.7026239067055
"121",2024-07-16,2024-07-20,3,"Control_B","Control","B",3,1,"Blue",25.7,10.4,NA,59.5330739299611
"122",2024-07-16,2024-07-20,3,"Control_B","Control","B",3,2,"Blue",24.3,7.6,NA,68.724279835391
"123",2024-07-16,2024-07-20,3,"Control_B","Control","B",3,3,"Blue",36.6,27.9,NA,23.7704918032787
"124",2024-07-16,2024-07-20,3,"Control_B","Control","B",3,4,"Blue",41.2,30.6,NA,25.7281553398058
"125",2024-07-16,2024-07-20,3,"Control_B","Control","B",3,5,"Blue",29.8,11.5,NA,61.4093959731544
"126",2024-07-16,2024-07-20,3,"Control_B","Control","B",3,6,"Blue",54.9,24.3,NA,55.7377049180328
"127",2024-07-16,2024-07-20,3,"Control_B","Control","B",3,7,"Blue",59,62.7,NA,-6.27118644067797
"128",2024-07-16,2024-07-20,3,"Control_B","Control","B",3,8,"Blue",32,12.3,NA,61.5625
"129",2024-07-16,2024-07-20,3,"Control_B","Control","B",3,9,"Blue",60.6,58.7,NA,3.13531353135313
"130",2024-07-16,2024-07-20,3,"Control_B","Control","B",3,10,"Blue",56.2,59.6,NA,-6.04982206405694
"131",2024-07-16,2024-07-20,3,"Control_B","Control","B",3,11,"Blue",22.4,22.4,NA,0
"132",2024-07-16,2024-07-20,3,"Control_B","Control","B",3,12,"Blue",42.9,45.2,NA,-5.36130536130537
"133",2024-07-16,2024-07-20,3,"Star_B","Star","B",4,1,"Black",64.9,58,NA,10.6317411402157
"134",2024-07-16,2024-07-20,3,"Star_B","Star","B",4,2,"Black",60.9,59.4,NA,2.46305418719212
"135",2024-07-16,2024-07-20,3,"Star_B","Star","B",4,3,"Black",103.3,98.7,NA,4.45304937076476
"136",2024-07-16,2024-07-20,3,"Star_B","Star","B",4,4,"Black",94.5,89.3,NA,5.50264550264551
"137",2024-07-16,2024-07-20,3,"Star_B","Star","B",4,5,"Black",85.9,89.6,NA,-4.30733410942956
"138",2024-07-16,2024-07-20,3,"Star_B","Star","B",4,6,"Black",42.6,27.2,NA,36.150234741784
"139",2024-07-16,2024-07-20,3,"Star_B","Star","B",4,7,"Black",30.6,27.2,NA,11.1111111111111
"140",2024-07-16,2024-07-20,3,"Star_B","Star","B",4,8,"Black",34.7,22.5,NA,35.1585014409222
"141",2024-07-16,2024-07-20,3,"Star_B","Star","B",4,9,"Black",57.4,56.9,NA,0.871080139372822
"142",2024-07-16,2024-07-20,3,"Star_B","Star","B",4,10,"Black",60.7,63.7,NA,-4.94233937397035
"143",2024-07-16,2024-07-20,3,"Star_B","Star","B",4,11,"Black",56,57.1,NA,-1.96428571428572
"144",2024-07-16,2024-07-20,3,"Star_B","Star","B",4,12,"Black",48.9,47,NA,3.88548057259713
"145",2024-07-18,2024-07-24,4,"Control_B","Control","B",1,1,"Green",78.4,11.5,NA,85.3316326530612
"146",2024-07-18,2024-07-24,4,"Control_B","Control","B",1,2,"Green",40.6,22.4,NA,44.8275862068966
"147",2024-07-18,2024-07-24,4,"Control_B","Control","B",1,3,"Green",82.5,83,NA,-0.606060606060606
"148",2024-07-18,2024-07-24,4,"Control_B","Control","B",1,4,"Green",79.7,84.3,NA,-5.77164366373901
"149",2024-07-18,2024-07-24,4,"Control_B","Control","B",1,5,"Green",36.7,5.7,NA,84.4686648501362
"150",2024-07-18,2024-07-24,4,"Control_B","Control","B",1,6,"Green",78.9,45.4,NA,42.4588086185044
"151",2024-07-18,2024-07-24,4,"Control_B","Control","B",1,7,"Green",75.3,74.4,NA,1.19521912350596
"152",2024-07-18,2024-07-24,4,"Control_B","Control","B",1,8,"Green",32,26.5,NA,17.1875
"153",2024-07-18,2024-07-24,4,"Control_B","Control","B",1,9,"Green",48.3,51.7,NA,-7.0393374741201
"154",2024-07-18,2024-07-24,4,"Control_B","Control","B",1,10,"Green",42,40.7,NA,3.09523809523809
"155",2024-07-18,2024-07-24,4,"Control_B","Control","B",1,11,"Green",28.5,28.4,NA,0.350877192982461
"156",2024-07-18,2024-07-24,4,"Control_B","Control","B",1,12,"Green",24.7,16.6,NA,32.7935222672065
"157",2024-07-18,2024-07-24,4,"Star_B","Star","B",2,1,"Red",50.3,52.9,NA,-5.16898608349901
"158",2024-07-18,2024-07-24,4,"Star_B","Star","B",2,2,"Red",51.5,42.8,NA,16.8932038834952
"159",2024-07-18,2024-07-24,4,"Star_B","Star","B",2,3,"Red",45.3,10,NA,77.924944812362
"160",2024-07-18,2024-07-24,4,"Star_B","Star","B",2,4,"Red",45.8,47.8,NA,-4.36681222707424
"161",2024-07-18,2024-07-24,4,"Star_B","Star","B",2,5,"Red",41.8,18.6,NA,55.5023923444976
"162",2024-07-18,2024-07-24,4,"Star_B","Star","B",2,6,"Red",77.2,73.1,NA,5.31088082901555
"163",2024-07-18,2024-07-24,4,"Star_B","Star","B",2,7,"Red",40.9,38.7,NA,5.37897310513446
"164",2024-07-18,2024-07-24,4,"Star_B","Star","B",2,8,"Red",36.6,37,NA,-1.09289617486338
"165",2024-07-18,2024-07-24,4,"Star_B","Star","B",2,9,"Red",33.2,32.2,NA,3.01204819277108
"166",2024-07-18,2024-07-24,4,"Star_B","Star","B",2,10,"Red",74.6,75.3,NA,-0.938337801608583
"167",2024-07-18,2024-07-24,4,"Star_B","Star","B",2,11,"Red",58,59.3,NA,-2.24137931034482
"168",2024-07-18,2024-07-24,4,"Star_B","Star","B",2,12,"Red",56.1,52.9,NA,5.70409982174689
"169",2024-07-18,2024-07-24,4,"Star_KF","Star","KF",3,1,"Blue",50.1,53.3,NA,-6.38722554890219
"170",2024-07-18,2024-07-24,4,"Star_KF","Star","KF",3,2,"Blue",79.5,78.1,NA,1.76100628930818
"171",2024-07-18,2024-07-24,4,"Star_KF","Star","KF",3,3,"Blue",78,84.8,NA,-8.71794871794872
"172",2024-07-18,2024-07-24,4,"Star_KF","Star","KF",3,4,"Blue",51.1,47.6,NA,6.84931506849315
"173",2024-07-18,2024-07-24,4,"Star_KF","Star","KF",3,5,"Blue",80.7,75.6,NA,6.31970260223049
"174",2024-07-18,2024-07-24,4,"Star_KF","Star","KF",3,6,"Blue",16.5,16.8,NA,-1.81818181818182
"175",2024-07-18,2024-07-24,4,"Star_KF","Star","KF",3,7,"Blue",43.8,45.5,NA,-3.88127853881279
"176",2024-07-18,2024-07-24,4,"Star_KF","Star","KF",3,8,"Blue",53.2,53,NA,0.375939849624065
"177",2024-07-18,2024-07-24,4,"Star_KF","Star","KF",3,9,"Blue",66.9,64.4,NA,3.73692077727952
"178",2024-07-18,2024-07-24,4,"Star_KF","Star","KF",3,10,"Blue",28,26.4,NA,5.71428571428572
"179",2024-07-18,2024-07-24,4,"Star_KF","Star","KF",3,11,"Blue",79.6,83.7,NA,-5.15075376884423
"180",2024-07-18,2024-07-24,4,"Star_KF","Star","KF",3,12,"Blue",32.4,29.6,NA,8.64197530864197
"181",2024-07-18,2024-07-24,4,"Control_KF","Control","KF",4,1,"Black",31.3,31.1,NA,0.638977635782745
"182",2024-07-18,2024-07-24,4,"Control_KF","Control","KF",4,2,"Black",37.2,37.7,NA,-1.34408602150538
"183",2024-07-18,2024-07-24,4,"Control_KF","Control","KF",4,3,"Black",34.2,34.1,NA,0.292397660818718
"184",2024-07-18,2024-07-24,4,"Control_KF","Control","KF",4,4,"Black",79.4,72.9,NA,8.18639798488665
"185",2024-07-18,2024-07-24,4,"Control_KF","Control","KF",4,5,"Black",49.6,50.1,NA,-1.00806451612903
"186",2024-07-18,2024-07-24,4,"Control_KF","Control","KF",4,6,"Black",79.6,76.6,NA,3.76884422110553
"187",2024-07-18,2024-07-24,4,"Control_KF","Control","KF",4,7,"Black",22.9,23,NA,-0.43668122270743
"188",2024-07-18,2024-07-24,4,"Control_KF","Control","KF",4,8,"Black",27.4,27.7,NA,-1.09489051094891
"189",2024-07-18,2024-07-24,4,"Control_KF","Control","KF",4,9,"Black",64,63.3,NA,1.09375
"190",2024-07-18,2024-07-24,4,"Control_KF","Control","KF",4,10,"Black",23.1,22.9,NA,0.865800865800878
"191",2024-07-18,2024-07-24,4,"Control_KF","Control","KF",4,11,"Black",31.5,30.1,NA,4.44444444444444
"192",2024-07-18,2024-07-24,4,"Control_KF","Control","KF",4,12,"Black",33.7,32.3,NA,4.15430267062316
"193",2024-07-23,2024-07-27,5,"Star_B","Star","B",1,1,"Green",39.1,38.6,NA,1.27877237851662
"194",2024-07-23,2024-07-27,5,"Star_B","Star","B",1,2,"Green",42.7,22.3,NA,47.7751756440281
"195",2024-07-23,2024-07-27,5,"Star_B","Star","B",1,3,"Green",38.2,30.7,NA,19.6335078534031
"196",2024-07-23,2024-07-27,5,"Star_B","Star","B",1,4,"Green",48.4,47.7,NA,1.44628099173553
"197",2024-07-23,2024-07-27,5,"Star_B","Star","B",1,5,"Green",56.5,55.8,NA,1.23893805309735
"198",2024-07-23,2024-07-27,5,"Star_B","Star","B",1,6,"Green",57.3,37.3,NA,34.9040139616056
"199",2024-07-23,2024-07-27,5,"Star_B","Star","B",1,7,"Green",54.8,28.8,NA,47.4452554744526
"200",2024-07-23,2024-07-27,5,"Star_B","Star","B",1,8,"Green",56.3,53.5,NA,4.97335701598579
"201",2024-07-23,2024-07-27,5,"Star_B","Star","B",1,9,"Green",51.5,49.7,NA,3.49514563106796
"202",2024-07-23,2024-07-27,5,"Star_B","Star","B",1,10,"Green",32.3,30.8,NA,4.6439628482972
"203",2024-07-23,2024-07-27,5,"Star_B","Star","B",1,11,"Green",42.8,42.4,NA,0.934579439252333
"204",2024-07-23,2024-07-27,5,"Star_B","Star","B",1,12,"Green",40.4,37.4,NA,7.42574257425743
"205",2024-07-23,2024-07-27,5,"Star_KF","Star","KF",2,1,"Red",41.9,42.3,NA,-0.954653937947491
"206",2024-07-23,2024-07-27,5,"Star_KF","Star","KF",2,2,"Red",32.3,30.1,NA,6.8111455108359
"207",2024-07-23,2024-07-27,5,"Star_KF","Star","KF",2,3,"Red",40.2,35.2,NA,12.4378109452736
"208",2024-07-23,2024-07-27,5,"Star_KF","Star","KF",2,4,"Red",40.5,41.3,NA,-1.9753086419753
"209",2024-07-23,2024-07-27,5,"Star_KF","Star","KF",2,5,"Red",36.8,37.9,NA,-2.98913043478261
"210",2024-07-23,2024-07-27,5,"Star_KF","Star","KF",2,6,"Red",37.7,37.7,NA,0
"211",2024-07-23,2024-07-27,5,"Star_KF","Star","KF",2,7,"Red",39.6,40.1,NA,-1.26262626262626
"212",2024-07-23,2024-07-27,5,"Star_KF","Star","KF",2,8,"Red",38.9,39.5,NA,-1.54241645244216
"213",2024-07-23,2024-07-27,5,"Star_KF","Star","KF",2,9,"Red",38.9,38.9,NA,0
"214",2024-07-23,2024-07-27,5,"Star_KF","Star","KF",2,10,"Red",33,33.5,NA,-1.51515151515152
"215",2024-07-23,2024-07-27,5,"Star_KF","Star","KF",2,11,"Red",39.1,38.9,NA,0.511508951406657
"216",2024-07-23,2024-07-27,5,"Star_KF","Star","KF",2,12,"Red",54.2,54.8,NA,-1.10701107011069
"217",2024-07-23,2024-07-27,5,"Control_B","Control","B",3,1,"Blue",55.4,23.5,NA,57.5812274368231
"218",2024-07-23,2024-07-27,5,"Control_B","Control","B",3,2,"Blue",48.9,44.9,NA,8.1799591002045
"219",2024-07-23,2024-07-27,5,"Control_B","Control","B",3,3,"Blue",60.8,62.1,NA,-2.13815789473685
"220",2024-07-23,2024-07-27,5,"Control_B","Control","B",3,4,"Blue",54.9,54.5,NA,0.728597449908923
"221",2024-07-23,2024-07-27,5,"Control_B","Control","B",3,5,"Blue",64.5,46.1,NA,28.5271317829457
"222",2024-07-23,2024-07-27,5,"Control_B","Control","B",3,6,"Blue",56.6,40.8,NA,27.9151943462898
"223",2024-07-23,2024-07-27,5,"Control_B","Control","B",3,7,"Blue",57.2,49.3,NA,13.8111888111888
"224",2024-07-23,2024-07-27,5,"Control_B","Control","B",3,8,"Blue",56,57.4,NA,-2.5
"225",2024-07-23,2024-07-27,5,"Control_B","Control","B",3,9,"Blue",59.8,59.9,NA,-0.167224080267561
"226",2024-07-23,2024-07-27,5,"Control_B","Control","B",3,10,"Blue",56.6,58.2,NA,-2.82685512367491
"227",2024-07-23,2024-07-27,5,"Control_B","Control","B",3,11,"Blue",33.7,32.6,NA,3.26409495548962
"228",2024-07-23,2024-07-27,5,"Control_B","Control","B",3,12,"Blue",36.9,37.2,NA,-0.813008130081312
"229",2024-07-23,2024-07-27,5,"Control_KF","Control","KF",4,1,"Black",70.2,70.3,NA,-0.142450142450134
"230",2024-07-23,2024-07-27,5,"Control_KF","Control","KF",4,2,"Black",76.8,79.4,NA,-3.38541666666668
"231",2024-07-23,2024-07-27,5,"Control_KF","Control","KF",4,3,"Black",83.6,87.7,NA,-4.9043062200957
"232",2024-07-23,2024-07-27,5,"Control_KF","Control","KF",4,4,"Black",78.6,79.9,NA,-1.65394402035625
"233",2024-07-23,2024-07-27,5,"Control_KF","Control","KF",4,5,"Black",55.2,51.5,NA,6.70289855072464
"234",2024-07-23,2024-07-27,5,"Control_KF","Control","KF",4,6,"Black",35.9,31.1,NA,13.3704735376044
"235",2024-07-23,2024-07-27,5,"Control_KF","Control","KF",4,7,"Black",39,39.8,NA,-2.05128205128204
"236",2024-07-23,2024-07-27,5,"Control_KF","Control","KF",4,8,"Black",45.1,47.5,NA,-5.32150776053215
"237",2024-07-23,2024-07-27,5,"Control_KF","Control","KF",4,9,"Black",40.8,44.7,NA,-9.55882352941178
"238",2024-07-23,2024-07-27,5,"Control_KF","Control","KF",4,10,"Black",32.6,33.4,NA,-2.45398773006134
"239",2024-07-23,2024-07-27,5,"Control_KF","Control","KF",4,11,"Black",21.6,22.8,NA,-5.55555555555555
"240",2024-07-23,2024-07-27,5,"Control_KF","Control","KF",4,12,"Black",54,56.6,NA,-4.81481481481482
"241",2024-07-25,2025-07-31,6,"Control_B","Control","B",1,1,"Green",40.6,10.4,NA,74.384236453202
"242",2024-07-25,2025-07-31,6,"Control_B","Control","B",1,2,"Green",24.6,4.8,NA,80.4878048780488
"243",2024-07-25,2025-07-31,6,"Control_B","Control","B",1,3,"Green",26.3,10.7,NA,59.3155893536122
"244",2024-07-25,2025-07-31,6,"Control_B","Control","B",1,4,"Green",21.4,14.7,NA,31.3084112149533
"245",2024-07-25,2025-07-31,6,"Control_B","Control","B",1,5,"Green",25.7,24.4,NA,5.05836575875487
"246",2024-07-25,2025-07-31,6,"Control_B","Control","B",1,6,"Green",70.8,35.7,NA,49.5762711864407
"247",2024-07-25,2025-07-31,6,"Control_B","Control","B",1,7,"Green",44.9,42.4,NA,5.56792873051225
"248",2024-07-25,2025-07-31,6,"Control_B","Control","B",1,8,"Green",27,21.8,NA,19.2592592592593
"249",2024-07-25,2025-07-31,6,"Control_B","Control","B",1,9,"Green",50.9,50.4,NA,0.982318271119843
"250",2024-07-25,2025-07-31,6,"Control_B","Control","B",1,10,"Green",34.9,35.2,NA,-0.859598853868207
"251",2024-07-25,2025-07-31,6,"Control_B","Control","B",1,11,"Green",31.3,31.5,NA,-0.638977635782745
"252",2024-07-25,2025-07-31,6,"Control_B","Control","B",1,12,"Green",42.3,38.1,NA,9.92907801418439
"253",2024-07-25,2025-07-31,6,"Control_KF","Control","KF",2,1,"Red",47.7,49.8,NA,-4.40251572327043
"254",2024-07-25,2025-07-31,6,"Control_KF","Control","KF",2,2,"Red",41.2,41.7,NA,-1.21359223300971
"255",2024-07-25,2025-07-31,6,"Control_KF","Control","KF",2,3,"Red",54.1,49.7,NA,8.13308687615527
"256",2024-07-25,2025-07-31,6,"Control_KF","Control","KF",2,4,"Red",45.7,39,NA,14.6608315098468
"257",2024-07-25,2025-07-31,6,"Control_KF","Control","KF",2,5,"Red",46.1,48.8,NA,-5.85683297180042
"258",2024-07-25,2025-07-31,6,"Control_KF","Control","KF",2,6,"Red",43.1,44.5,NA,-3.24825986078886
"259",2024-07-25,2025-07-31,6,"Control_KF","Control","KF",2,7,"Red",26.5,27.4,NA,-3.39622641509433
"260",2024-07-25,2025-07-31,6,"Control_KF","Control","KF",2,8,"Red",29.5,29.2,NA,1.01694915254238
"261",2024-07-25,2025-07-31,6,"Control_KF","Control","KF",2,9,"Red",41.4,42,NA,-1.44927536231884
"262",2024-07-25,2025-07-31,6,"Control_KF","Control","KF",2,10,"Red",30.9,30.1,NA,2.58899676375404
"263",2024-07-25,2025-07-31,6,"Control_KF","Control","KF",2,11,"Red",28.8,28.8,NA,0
"264",2024-07-25,2025-07-31,6,"Control_KF","Control","KF",2,12,"Red",26.2,26.6,NA,-1.52671755725192
"265",2024-07-25,2025-07-31,6,"Star_KF","Star","KF",3,1,"Blue",65.9,66.8,NA,-1.36570561456751
"266",2024-07-25,2025-07-31,6,"Star_KF","Star","KF",3,2,"Blue",36,36.4,NA,-1.11111111111111
"267",2024-07-25,2025-07-31,6,"Star_KF","Star","KF",3,3,"Blue",33.4,31.2,NA,6.58682634730539
"268",2024-07-25,2025-07-31,6,"Star_KF","Star","KF",3,4,"Blue",39.3,39.4,NA,-0.254452926208655
"269",2024-07-25,2025-07-31,6,"Star_KF","Star","KF",3,5,"Blue",36.8,37.1,NA,-0.81521739130436
"270",2024-07-25,2025-07-31,6,"Star_KF","Star","KF",3,6,"Blue",31.9,32.1,NA,-0.626959247648912
"271",2024-07-25,2025-07-31,6,"Star_KF","Star","KF",3,7,"Blue",30.3,30.8,NA,-1.65016501650165
"272",2024-07-25,2025-07-31,6,"Star_KF","Star","KF",3,8,"Blue",31.2,31.2,NA,0
"273",2024-07-25,2025-07-31,6,"Star_KF","Star","KF",3,9,"Blue",26.4,27.2,NA,-3.03030303030303
"274",2024-07-25,2025-07-31,6,"Star_KF","Star","KF",3,10,"Blue",34.7,35.3,NA,-1.72910662824206
"275",2024-07-25,2025-07-31,6,"Star_KF","Star","KF",3,11,"Blue",35.1,35.5,NA,-1.13960113960114
"276",2024-07-25,2025-07-31,6,"Star_KF","Star","KF",3,12,"Blue",42.1,42.1,NA,0
"277",2024-07-25,2025-07-31,6,"Star_B","Star","B",4,1,"Black",43.1,43.4,NA,-0.69605568445475
"278",2024-07-25,2025-07-31,6,"Star_B","Star","B",4,2,"Black",29.7,29.5,NA,0.673400673400671
"279",2024-07-25,2025-07-31,6,"Star_B","Star","B",4,3,"Black",25.9,27,NA,-4.24710424710425
"280",2024-07-25,2025-07-31,6,"Star_B","Star","B",4,4,"Black",92.7,93.4,NA,-0.755124056094933
"281",2024-07-25,2025-07-31,6,"Star_B","Star","B",4,5,"Black",43.5,38.3,NA,11.9540229885058
"282",2024-07-25,2025-07-31,6,"Star_B","Star","B",4,6,"Black",89.8,67.8,NA,24.4988864142539
"283",2024-07-25,2025-07-31,6,"Star_B","Star","B",4,7,"Black",29.6,29.3,NA,1.01351351351352
"284",2024-07-25,2025-07-31,6,"Star_B","Star","B",4,8,"Black",26.2,25.9,NA,1.14503816793893
"285",2024-07-25,2025-07-31,6,"Star_B","Star","B",4,9,"Black",28.8,29.3,NA,-1.73611111111111
"286",2024-07-25,2025-07-31,6,"Star_B","Star","B",4,10,"Black",33.1,27,NA,18.429003021148
"287",2024-07-25,2025-07-31,6,"Star_B","Star","B",4,11,"Black",24.9,3.4,NA,86.3453815261044
"288",2024-07-25,2025-07-31,6,"Star_B","Star","B",4,12,"Black",25.2,24.8,NA,1.58730158730158
"289",2024-07-29,2024-08-03,7,"Control_B","Control","B",1,1,"Green",43,44.6,NA,-3.72093023255814
"290",2024-07-29,2024-08-03,7,"Control_B","Control","B",1,2,"Green",80.6,75.1,NA,6.82382133995037
"291",2024-07-29,2024-08-03,7,"Control_B","Control","B",1,3,"Green",34.3,31.6,NA,7.87172011661806
"292",2024-07-29,2024-08-03,7,"Control_B","Control","B",1,4,"Green",67.5,48.8,NA,27.7037037037037
"293",2024-07-29,2024-08-03,7,"Control_B","Control","B",1,5,"Green",74.9,49.8,NA,33.5113484646195
"294",2024-07-29,2024-08-03,7,"Control_B","Control","B",1,6,"Green",76.5,43.3,NA,43.3986928104575
"295",2024-07-29,2024-08-03,7,"Control_B","Control","B",1,7,"Green",30,30.6,NA,-2
"296",2024-07-29,2024-08-03,7,"Control_B","Control","B",1,8,"Green",83.2,53.2,NA,36.0576923076923
"297",2024-07-29,2024-08-03,7,"Control_B","Control","B",1,9,"Green",46.3,37.6,NA,18.7904967602592
"298",2024-07-29,2024-08-03,7,"Control_B","Control","B",1,10,"Green",37.4,35.3,NA,5.61497326203209
"299",2024-07-29,2024-08-03,7,"Control_B","Control","B",1,11,"Green",40.4,40.3,NA,0.247524752475251
"300",2024-07-29,2024-08-03,7,"Control_B","Control","B",1,12,"Green",37.1,36.7,NA,1.07816711590296
"301",2024-07-29,2024-08-03,7,"Star_B","Star","B",2,1,"Red",71.9,69.4,NA,3.47705146036161
"302",2024-07-29,2024-08-03,7,"Star_B","Star","B",2,2,"Red",86,82.4,NA,4.1860465116279
"303",2024-07-29,2024-08-03,7,"Star_B","Star","B",2,3,"Red",79.6,74.9,NA,5.90452261306531
"304",2024-07-29,2024-08-03,7,"Star_B","Star","B",2,4,"Red",84.8,80.9,NA,4.59905660377358
"305",2024-07-29,2024-08-03,7,"Star_B","Star","B",2,5,"Red",69.1,67.7,NA,2.02604920405209
"306",2024-07-29,2024-08-03,7,"Star_B","Star","B",2,6,"Red",65.4,55.1,NA,15.7492354740061
"307",2024-07-29,2024-08-03,7,"Star_B","Star","B",2,7,"Red",62.2,62.9,NA,-1.12540192926044
"308",2024-07-29,2024-08-03,7,"Star_B","Star","B",2,8,"Red",67.6,68.2,NA,-0.887573964497054
"309",2024-07-29,2024-08-03,7,"Star_B","Star","B",2,9,"Red",58.1,57.3,NA,1.37693631669536
"310",2024-07-29,2024-08-03,7,"Star_B","Star","B",2,10,"Red",49.9,48.7,NA,2.40480961923847
"311",2024-07-29,2024-08-03,7,"Star_B","Star","B",2,11,"Red",51.3,50.2,NA,2.14424951267055
"312",2024-07-29,2024-08-03,7,"Star_B","Star","B",2,12,"Red",91.2,92.3,NA,-1.20614035087719
"313",2024-07-29,2024-08-03,7,"Star_KF","Star","KF",3,1,"Blue",63.8,62.3,NA,2.35109717868339
"314",2024-07-29,2024-08-03,7,"Star_KF","Star","KF",3,2,"Blue",85.3,83.7,NA,1.87573270808909
"315",2024-07-29,2024-08-03,7,"Star_KF","Star","KF",3,3,"Blue",82.5,83,NA,-0.606060606060606
"316",2024-07-29,2024-08-03,7,"Star_KF","Star","KF",3,4,"Blue",87.2,87.7,NA,-0.573394495412844
"317",2024-07-29,2024-08-03,7,"Star_KF","Star","KF",3,5,"Blue",81.4,82.2,NA,-0.982800982800979
"318",2024-07-29,2024-08-03,7,"Star_KF","Star","KF",3,6,"Blue",71.3,69.7,NA,2.24403927068723
"319",2024-07-29,2024-08-03,7,"Star_KF","Star","KF",3,7,"Blue",75.2,75.7,NA,-0.664893617021277
"320",2024-07-29,2024-08-03,7,"Star_KF","Star","KF",3,8,"Blue",71.9,72.9,NA,-1.39082058414465
"321",2024-07-29,2024-08-03,7,"Star_KF","Star","KF",3,9,"Blue",52.1,52.5,NA,-0.76775431861804
"322",2024-07-29,2024-08-03,7,"Star_KF","Star","KF",3,10,"Blue",92.5,92.2,NA,0.324324324324321
"323",2024-07-29,2024-08-03,7,"Star_KF","Star","KF",3,11,"Blue",50,48.8,NA,2.40000000000001
"324",2024-07-29,2024-08-03,7,"Star_KF","Star","KF",3,12,"Blue",46.5,45.5,NA,2.1505376344086
"325",2024-07-29,2024-08-03,7,"Control_KF","Control","KF",4,1,"Black",35.5,37.4,NA,-5.35211267605633
"326",2024-07-29,2024-08-03,7,"Control_KF","Control","KF",4,2,"Black",94.6,58,NA,38.6892177589852
"327",2024-07-29,2024-08-03,7,"Control_KF","Control","KF",4,3,"Black",46,47,NA,-2.17391304347826
"328",2024-07-29,2024-08-03,7,"Control_KF","Control","KF",4,4,"Black",85,65.5,NA,22.9411764705882
"329",2024-07-29,2024-08-03,7,"Control_KF","Control","KF",4,5,"Black",44.5,38,NA,14.6067415730337
"330",2024-07-29,2024-08-03,7,"Control_KF","Control","KF",4,6,"Black",61.8,59.9,NA,3.07443365695793
"331",2024-07-29,2024-08-03,7,"Control_KF","Control","KF",4,7,"Black",77,73.4,NA,4.67532467532467
"332",2024-07-29,2024-08-03,7,"Control_KF","Control","KF",4,8,"Black",29.5,24.5,NA,16.9491525423729
"333",2024-07-29,2024-08-03,7,"Control_KF","Control","KF",4,9,"Black",104.1,103.5,NA,0.576368876080686
"334",2024-07-29,2024-08-03,7,"Control_KF","Control","KF",4,10,"Black",40.9,33,NA,19.3154034229829
"335",2024-07-29,2024-08-03,7,"Control_KF","Control","KF",4,11,"Black",57.1,55.7,NA,2.45183887915937
"336",2024-07-29,2024-08-03,7,"Control_KF","Control","KF",4,12,"Black",60.1,60.7,NA,-0.998336106489187
"337",2024-08-05,2024-08-08,8,"Star_B","Star","B",1,1,"Green",19.9,19.3,NA,3.01507537688441
"338",2024-08-05,2024-08-08,8,"Star_B","Star","B",1,2,"Green",59.2,60.6,NA,-2.36486486486486
"339",2024-08-05,2024-08-08,8,"Star_B","Star","B",1,3,"Green",57.1,55.5,NA,2.80210157618214
"340",2024-08-05,2024-08-08,8,"Star_B","Star","B",1,4,"Green",58.1,58.7,NA,-1.03270223752152
"341",2024-08-05,2024-08-08,8,"Star_B","Star","B",1,5,"Green",42.4,42.1,NA,0.707547169811314
"342",2024-08-05,2024-08-08,8,"Star_B","Star","B",1,6,"Green",37.9,38.2,NA,-0.791556728232201
"343",2024-08-05,2024-08-08,8,"Star_B","Star","B",1,7,"Green",45.8,42.7,NA,6.76855895196505
"344",2024-08-05,2024-08-08,8,"Star_B","Star","B",1,8,"Green",45.1,41.9,NA,7.09534368070954
"345",2024-08-05,2024-08-08,8,"Star_B","Star","B",1,9,"Green",48,46.7,NA,2.70833333333333
"346",2024-08-05,2024-08-08,8,"Star_B","Star","B",1,10,"Green",51.9,49.3,NA,5.00963391136802
"347",2024-08-05,2024-08-08,8,"Star_B","Star","B",1,11,"Green",51.1,46.6,NA,8.80626223091977
"348",2024-08-05,2024-08-08,8,"Star_B","Star","B",1,12,"Green",67.7,67.9,NA,-0.295420974889221
"349",2024-08-05,2024-08-08,8,"Control_B","Control","B",2,1,"Red",27,27.2,NA,-0.740740740740738
"350",2024-08-05,2024-08-08,8,"Control_B","Control","B",2,2,"Red",36.3,36.6,NA,-0.826446280991747
"351",2024-08-05,2024-08-08,8,"Control_B","Control","B",2,3,"Red",37.7,33.1,NA,12.2015915119363
"352",2024-08-05,2024-08-08,8,"Control_B","Control","B",2,4,"Red",35.4,32.1,NA,9.32203389830508
"353",2024-08-05,2024-08-08,8,"Control_B","Control","B",2,5,"Red",33.9,28.2,NA,16.8141592920354
"354",2024-08-05,2024-08-08,8,"Control_B","Control","B",2,6,"Red",33.2,33.6,NA,-1.20481927710843
"355",2024-08-05,2024-08-08,8,"Control_B","Control","B",2,7,"Red",29.5,29.7,NA,-0.677966101694913
"356",2024-08-05,2024-08-08,8,"Control_B","Control","B",2,8,"Red",36.6,33.4,NA,8.74316939890711
"357",2024-08-05,2024-08-08,8,"Control_B","Control","B",2,9,"Red",44.9,36.7,NA,18.2628062360802
"358",2024-08-05,2024-08-08,8,"Control_B","Control","B",2,10,"Red",54.8,48.7,NA,11.1313868613139
"359",2024-08-05,2024-08-08,8,"Control_B","Control","B",2,11,"Red",52.6,51.4,NA,2.28136882129278
"360",2024-08-05,2024-08-08,8,"Control_B","Control","B",2,12,"Red",67.1,67.6,NA,-0.745156482861401
"361",2024-08-05,2024-08-08,8,"Control_KF","Control","KF",3,1,"Blue",36.5,35.2,NA,3.56164383561643
"362",2024-08-05,2024-08-08,8,"Control_KF","Control","KF",3,2,"Blue",34.4,26.7,NA,22.3837209302326
"363",2024-08-05,2024-08-08,8,"Control_KF","Control","KF",3,3,"Blue",22.7,23,NA,-1.3215859030837
"364",2024-08-05,2024-08-08,8,"Control_KF","Control","KF",3,4,"Blue",31.3,31.7,NA,-1.27795527156549
"365",2024-08-05,2024-08-08,8,"Control_KF","Control","KF",3,5,"Blue",26.6,23.7,NA,10.9022556390978
"366",2024-08-05,2024-08-08,8,"Control_KF","Control","KF",3,6,"Blue",30.9,26.9,NA,12.9449838187702
"367",2024-08-05,2024-08-08,8,"Control_KF","Control","KF",3,7,"Blue",27.1,27.4,NA,-1.10701107011069
"368",2024-08-05,2024-08-08,8,"Control_KF","Control","KF",3,8,"Blue",23.9,9.7,NA,59.4142259414226
"369",2024-08-05,2024-08-08,8,"Control_KF","Control","KF",3,9,"Blue",28.7,28.9,NA,-0.696864111498255
"370",2024-08-05,2024-08-08,8,"Control_KF","Control","KF",3,10,"Blue",22.7,23,NA,-1.3215859030837
"371",2024-08-05,2024-08-08,8,"Control_KF","Control","KF",3,11,"Blue",26.7,27.1,NA,-1.49812734082398
"372",2024-08-05,2024-08-08,8,"Control_KF","Control","KF",3,12,"Blue",30.2,29.8,NA,1.32450331125827
"373",2024-08-05,2024-08-08,8,"Star_KF","Star","KF",4,1,"Black",72.3,73.7,NA,-1.93637621023514
"374",2024-08-05,2024-08-08,8,"Star_KF","Star","KF",4,2,"Black",71.2,72.7,NA,-2.10674157303371
"375",2024-08-05,2024-08-08,8,"Star_KF","Star","KF",4,3,"Black",38.8,40.1,NA,-3.35051546391754
"376",2024-08-05,2024-08-08,8,"Star_KF","Star","KF",4,4,"Black",70.1,71.4,NA,-1.85449358059916
"377",2024-08-05,2024-08-08,8,"Star_KF","Star","KF",4,5,"Black",25.2,25.5,NA,-1.19047619047619
"378",2024-08-05,2024-08-08,8,"Star_KF","Star","KF",4,6,"Black",29.6,30.1,NA,-1.68918918918919
"379",2024-08-05,2024-08-08,8,"Star_KF","Star","KF",4,7,"Black",29.9,30.3,NA,-1.33779264214048
"380",2024-08-05,2024-08-08,8,"Star_KF","Star","KF",4,8,"Black",77.2,77.9,NA,-0.90673575129534
"381",2024-08-05,2024-08-08,8,"Star_KF","Star","KF",4,9,"Black",36.8,37.8,NA,-2.71739130434783
"382",2024-08-05,2024-08-08,8,"Star_KF","Star","KF",4,10,"Black",18.7,18.9,NA,-1.06951871657754
"383",2024-08-05,2024-08-08,8,"Star_KF","Star","KF",4,11,"Black",21.4,17.3,NA,19.1588785046729
"384",2024-08-05,2024-08-08,8,"Star_KF","Star","KF",4,12,"Black",76.9,77.6,NA,-0.910273081924563
"385",2024-08-11,2024-08-14,9,"Star_KF","Star","KF",1,1,"Green",63.3,61.6,NA,2.68562401263822
"386",2024-08-11,2024-08-14,9,"Star_KF","Star","KF",1,2,"Green",59.3,60.8,NA,-2.52951096121417
"387",2024-08-11,2024-08-14,9,"Star_KF","Star","KF",1,3,"Green",70.3,70.3,NA,0
"388",2024-08-11,2024-08-14,9,"Star_KF","Star","KF",1,4,"Green",70.4,68.8,NA,2.27272727272728
"389",2024-08-11,2024-08-14,9,"Star_KF","Star","KF",1,5,"Green",57.1,58.8,NA,-2.97723292469351
"390",2024-08-11,2024-08-14,9,"Star_KF","Star","KF",1,6,"Green",61.6,63.4,NA,-2.92207792207792
"391",2024-08-11,2024-08-14,9,"Star_KF","Star","KF",1,7,"Green",62.5,62.8,NA,-0.479999999999995
"392",2024-08-11,2024-08-14,9,"Star_KF","Star","KF",1,8,"Green",67.6,69.9,NA,-3.40236686390534
"393",2024-08-11,2024-08-14,9,"Star_KF","Star","KF",1,9,"Green",80.9,82.1,NA,-1.4833127317676
"394",2024-08-11,2024-08-14,9,"Star_KF","Star","KF",1,10,"Green",86.7,88.4,NA,-1.96078431372549
"395",2024-08-11,2024-08-14,9,"Star_KF","Star","KF",1,11,"Green",75.2,75.7,NA,-0.664893617021277
"396",2024-08-11,2024-08-14,9,"Star_KF","Star","KF",1,12,"Green",86.4,87,NA,-0.694444444444438
"397",2024-08-11,2024-08-14,9,"Control_KF","Control","KF",2,1,"Red",54.7,56.3,NA,-2.92504570383911
"398",2024-08-11,2024-08-14,9,"Control_KF","Control","KF",2,2,"Red",55.7,46.3,NA,16.8761220825853
"399",2024-08-11,2024-08-14,9,"Control_KF","Control","KF",2,3,"Red",57.1,56.7,NA,0.700525394045532
"400",2024-08-11,2024-08-14,9,"Control_KF","Control","KF",2,4,"Red",48,49.8,NA,-3.74999999999999
"401",2024-08-11,2024-08-14,9,"Control_KF","Control","KF",2,5,"Red",51.4,51.2,NA,0.38910505836575
"402",2024-08-11,2024-08-14,9,"Control_KF","Control","KF",2,6,"Red",56.1,57.1,NA,-1.7825311942959
"403",2024-08-11,2024-08-14,9,"Control_KF","Control","KF",2,7,"Red",50.9,51.1,NA,-0.392927308447943
"404",2024-08-11,2024-08-14,9,"Control_KF","Control","KF",2,8,"Red",52.2,52.1,NA,0.191570881226056
"405",2024-08-11,2024-08-14,9,"Control_KF","Control","KF",2,9,"Red",58.1,59.1,NA,-1.72117039586919
"406",2024-08-11,2024-08-14,9,"Control_KF","Control","KF",2,10,"Red",63.2,63.2,NA,0
"407",2024-08-11,2024-08-14,9,"Control_KF","Control","KF",2,11,"Red",57.7,58.9,NA,-2.07972270363951
"408",2024-08-11,2024-08-14,9,"Control_KF","Control","KF",2,12,"Red",76.4,76.9,NA,-0.654450261780105
"409",2024-08-11,2024-08-14,9,"Star_B","Star","B",3,1,"Blue",47,41.6,NA,11.4893617021277
"410",2024-08-11,2024-08-14,9,"Star_B","Star","B",3,2,"Blue",44.7,38.9,NA,12.9753914988814
"411",2024-08-11,2024-08-14,9,"Star_B","Star","B",3,3,"Blue",44.6,45.7,NA,-2.46636771300449
"412",2024-08-11,2024-08-14,9,"Star_B","Star","B",3,4,"Blue",48.5,44.5,NA,8.24742268041237
"413",2024-08-11,2024-08-14,9,"Star_B","Star","B",3,5,"Blue",41.8,41.1,NA,1.67464114832535
"414",2024-08-11,2024-08-14,9,"Star_B","Star","B",3,6,"Blue",52.4,49.3,NA,5.91603053435115
"415",2024-08-11,2024-08-14,9,"Star_B","Star","B",3,7,"Blue",46,45.1,NA,1.95652173913043
"416",2024-08-11,2024-08-14,9,"Star_B","Star","B",3,8,"Blue",54.3,47.4,NA,12.707182320442
"417",2024-08-11,2024-08-14,9,"Star_B","Star","B",3,9,"Blue",53.1,54.6,NA,-2.82485875706215
"418",2024-08-11,2024-08-14,9,"Star_B","Star","B",3,10,"Blue",50.3,51.2,NA,-1.7892644135189
"419",2024-08-11,2024-08-14,9,"Star_B","Star","B",3,11,"Blue",52.6,48.1,NA,8.55513307984791
"420",2024-08-11,2024-08-14,9,"Star_B","Star","B",3,12,"Blue",51.9,49.3,NA,5.00963391136802
"421",2024-08-11,2024-08-14,9,"Control_B","Control","B",4,1,"Black",29.6,30.7,NA,-3.71621621621621
"422",2024-08-11,2024-08-14,9,"Control_B","Control","B",4,2,"Black",66.4,63.5,NA,4.36746987951808
"423",2024-08-11,2024-08-14,9,"Control_B","Control","B",4,3,"Black",57.9,59.5,NA,-2.76338514680484
"424",2024-08-11,2024-08-14,9,"Control_B","Control","B",4,4,"Black",73.6,68.3,NA,7.20108695652174
"425",2024-08-11,2024-08-14,9,"Control_B","Control","B",4,5,"Black",54.2,54.6,NA,-0.738007380073798
"426",2024-08-11,2024-08-14,9,"Control_B","Control","B",4,6,"Black",63.2,60.8,NA,3.79746835443039
"427",2024-08-11,2024-08-14,9,"Control_B","Control","B",4,7,"Black",48.4,37.8,NA,21.900826446281
"428",2024-08-11,2024-08-14,9,"Control_B","Control","B",4,8,"Black",48.4,48.5,NA,-0.206611570247937
"429",2024-08-11,2024-08-14,9,"Control_B","Control","B",4,9,"Black",41.6,32.5,NA,21.875
"430",2024-08-11,2024-08-14,9,"Control_B","Control","B",4,10,"Black",33.4,28.2,NA,15.5688622754491
"431",2024-08-11,2024-08-14,9,"Control_B","Control","B",4,11,"Black",46.4,43.3,NA,6.68103448275862
"432",2024-08-11,2024-08-14,9,"Control_B","Control","B",4,12,"Black",45.4,45.8,NA,-0.881057268722464
"433",2024-08-13,2024-08-17,10,"Control_KF","Control","KF",1,1,"Green",70.6,71.6,NA,-1.41643059490085
"434",2024-08-13,2024-08-17,10,"Control_KF","Control","KF",1,2,"Green",74.2,74.7,NA,-0.673854447439353
"435",2024-08-13,2024-08-17,10,"Control_KF","Control","KF",1,3,"Green",74.4,71,NA,4.56989247311829
"436",2024-08-13,2024-08-17,10,"Control_KF","Control","KF",1,4,"Green",37.3,37.9,NA,-1.60857908847185
"437",2024-08-13,2024-08-17,10,"Control_KF","Control","KF",1,5,"Green",28.3,24.5,NA,13.4275618374558
"438",2024-08-13,2024-08-17,10,"Control_KF","Control","KF",1,6,"Green",32.7,28.6,NA,12.5382262996942
"439",2024-08-13,2024-08-17,10,"Control_KF","Control","KF",1,7,"Green",41.5,42.9,NA,-3.37349397590361
"440",2024-08-13,2024-08-17,10,"Control_KF","Control","KF",1,8,"Green",41.1,41.1,NA,0
"441",2024-08-13,2024-08-17,10,"Control_KF","Control","KF",1,9,"Green",51.1,51.3,NA,-0.391389432485315
"442",2024-08-13,2024-08-17,10,"Control_KF","Control","KF",1,10,"Green",57.4,57.6,NA,-0.348432055749134
"443",2024-08-13,2024-08-17,10,"Control_KF","Control","KF",1,11,"Green",33.4,33.4,NA,0
"444",2024-08-13,2024-08-17,10,"Control_KF","Control","KF",1,12,"Green",58.6,58.6,NA,0
"445",2024-08-13,2024-08-17,10,"Star_KF","Star","KF",2,1,"Red",65,65.2,NA,-0.307692307692312
"446",2024-08-13,2024-08-17,10,"Star_KF","Star","KF",2,2,"Red",38.9,38.7,NA,0.514138817480709
"447",2024-08-13,2024-08-17,10,"Star_KF","Star","KF",2,3,"Red",36.7,38.4,NA,-4.63215258855585
"448",2024-08-13,2024-08-17,10,"Star_KF","Star","KF",2,4,"Red",46.1,46.8,NA,-1.51843817787418
"449",2024-08-13,2024-08-17,10,"Star_KF","Star","KF",2,5,"Red",74.1,73.7,NA,0.539811066126844
"450",2024-08-13,2024-08-17,10,"Star_KF","Star","KF",2,6,"Red",43,43.5,NA,-1.16279069767442
"451",2024-08-13,2024-08-17,10,"Star_KF","Star","KF",2,7,"Red",46.1,48.3,NA,-4.77223427331886
"452",2024-08-13,2024-08-17,10,"Star_KF","Star","KF",2,8,"Red",57.4,57,NA,0.696864111498255
"453",2024-08-13,2024-08-17,10,"Star_KF","Star","KF",2,9,"Red",56.3,56.9,NA,-1.06571936056839
"454",2024-08-13,2024-08-17,10,"Star_KF","Star","KF",2,10,"Red",58.1,57.7,NA,0.688468158347674
"455",2024-08-13,2024-08-17,10,"Star_KF","Star","KF",2,11,"Red",61.8,63.4,NA,-2.58899676375405
"456",2024-08-13,2024-08-17,10,"Star_KF","Star","KF",2,12,"Red",67.4,65.6,NA,2.67062314540061
"457",2024-08-13,2024-08-17,10,"Control_B","Control","B",3,1,"Blue",62.3,57.7,NA,7.3836276083467
"458",2024-08-13,2024-08-17,10,"Control_B","Control","B",3,2,"Blue",65.4,59.6,NA,8.86850152905199
"459",2024-08-13,2024-08-17,10,"Control_B","Control","B",3,3,"Blue",63.4,46.9,NA,26.0252365930599
"460",2024-08-13,2024-08-17,10,"Control_B","Control","B",3,4,"Blue",57.8,50.6,NA,12.4567474048443
"461",2024-08-13,2024-08-17,10,"Control_B","Control","B",3,5,"Blue",51.3,43.9,NA,14.4249512670565
"462",2024-08-13,2024-08-17,10,"Control_B","Control","B",3,6,"Blue",39.3,22,NA,44.0203562340967
"463",2024-08-13,2024-08-17,10,"Control_B","Control","B",3,7,"Blue",45.2,41.2,NA,8.84955752212389
"464",2024-08-13,2024-08-17,10,"Control_B","Control","B",3,8,"Blue",36.1,37,NA,-2.49307479224376
"465",2024-08-13,2024-08-17,10,"Control_B","Control","B",3,9,"Blue",39.8,35,NA,12.0603015075377
"466",2024-08-13,2024-08-17,10,"Control_B","Control","B",3,10,"Blue",73.5,69.3,NA,5.71428571428572
"467",2024-08-13,2024-08-17,10,"Control_B","Control","B",3,11,"Blue",35.4,32.8,NA,7.34463276836159
"468",2024-08-13,2024-08-17,10,"Control_B","Control","B",3,12,"Blue",48,47,NA,2.08333333333333
"469",2024-08-13,2024-08-17,10,"Star_B","Star","B",4,1,"Black",33.2,33.4,NA,-0.602409638554204
"470",2024-08-13,2024-08-17,10,"Star_B","Star","B",4,2,"Black",56.5,54.2,NA,4.07079646017699
"471",2024-08-13,2024-08-17,10,"Star_B","Star","B",4,3,"Black",55.9,50.1,NA,10.3756708407871
"472",2024-08-13,2024-08-17,10,"Star_B","Star","B",4,4,"Black",48.3,38.1,NA,21.1180124223602
"473",2024-08-13,2024-08-17,10,"Star_B","Star","B",4,5,"Black",55.6,54.5,NA,1.97841726618705
"474",2024-08-13,2024-08-17,10,"Star_B","Star","B",4,6,"Black",49.9,49.6,NA,0.601202404809614
"475",2024-08-13,2024-08-17,10,"Star_B","Star","B",4,7,"Black",40.8,38.3,NA,6.12745098039216
"476",2024-08-13,2024-08-17,10,"Star_B","Star","B",4,8,"Black",32.9,32.4,NA,1.51975683890578
"477",2024-08-13,2024-08-17,10,"Star_B","Star","B",4,9,"Black",33.4,33.9,NA,-1.49700598802395
"478",2024-08-13,2024-08-17,10,"Star_B","Star","B",4,10,"Black",29.5,30.2,NA,-2.3728813559322
"479",2024-08-13,2024-08-17,10,"Star_B","Star","B",4,11,"Black",30.7,30.2,NA,1.62866449511401
"480",2024-08-13,2024-08-17,10,"Star_B","Star","B",4,12,"Black",31.9,32,NA,-0.313479623824456
"481",2024-08-19,2024-08-22,11,"Star_KF","Star","KF",1,1,"Green",51.9,52,NA,-0.192678227360311
"482",2024-08-19,2024-08-22,11,"Star_KF","Star","KF",1,2,"Green",23.4,23.6,NA,-0.854700854700867
"483",2024-08-19,2024-08-22,11,"Star_KF","Star","KF",1,3,"Green",38.4,39.1,NA,-1.82291666666667
"484",2024-08-19,2024-08-22,11,"Star_KF","Star","KF",1,4,"Green",40.1,40.8,NA,-1.74563591022443
"485",2024-08-19,2024-08-22,11,"Star_KF","Star","KF",1,5,"Green",27.6,28,NA,-1.44927536231884
"486",2024-08-19,2024-08-22,11,"Star_KF","Star","KF",1,6,"Green",48.1,49.2,NA,-2.28690228690229
"487",2024-08-19,2024-08-22,11,"Star_KF","Star","KF",1,7,"Green",62.7,63.3,NA,-0.956937799043053
"488",2024-08-19,2024-08-22,11,"Star_KF","Star","KF",1,8,"Green",37.9,39,NA,-2.9023746701847
"489",2024-08-19,2024-08-22,11,"Star_KF","Star","KF",1,9,"Green",47.2,48.1,NA,-1.90677966101695
"490",2024-08-19,2024-08-22,11,"Star_KF","Star","KF",1,10,"Green",59.3,59.5,NA,-0.337268128161893
"491",2024-08-19,2024-08-22,11,"Star_KF","Star","KF",1,11,"Green",47.9,47.9,NA,0
"492",2024-08-19,2024-08-22,11,"Star_KF","Star","KF",1,12,"Green",52.2,52.8,NA,-1.14942528735631
"493",2024-08-19,2024-08-22,11,"Star_B","Star","B",2,1,"Red",58.6,60.6,NA,-3.41296928327645
"494",2024-08-19,2024-08-22,11,"Star_B","Star","B",2,2,"Red",59.9,58.7,NA,2.0033388981636
"495",2024-08-19,2024-08-22,11,"Star_B","Star","B",2,3,"Red",52.9,49.5,NA,6.42722117202268
"496",2024-08-19,2024-08-22,11,"Star_B","Star","B",2,4,"Red",57,51.5,NA,9.64912280701754
"497",2024-08-19,2024-08-22,11,"Star_B","Star","B",2,5,"Red",47.2,47.3,NA,-0.211864406779649
"498",2024-08-19,2024-08-22,11,"Star_B","Star","B",2,6,"Red",49.7,43.8,NA,11.8712273641851
"499",2024-08-19,2024-08-22,11,"Star_B","Star","B",2,7,"Red",39.8,40.8,NA,-2.51256281407035
"500",2024-08-19,2024-08-22,11,"Star_B","Star","B",2,8,"Red",32,31.2,NA,2.5
"501",2024-08-19,2024-08-22,11,"Star_B","Star","B",2,9,"Red",22.9,26.1,NA,-13.9737991266376
"502",2024-08-19,2024-08-22,11,"Star_B","Star","B",2,10,"Red",44.9,43.5,NA,3.11804008908686
"503",2024-08-19,2024-08-22,11,"Star_B","Star","B",2,11,"Red",35.8,36.6,NA,-2.23463687150839
"504",2024-08-19,2024-08-22,11,"Star_B","Star","B",2,12,"Red",41.3,42,NA,-1.6949152542373
"505",2024-08-19,2024-08-22,11,"Control_KF","Control","KF",3,1,"Blue",53.2,40.4,NA,24.0601503759399
"506",2024-08-19,2024-08-22,11,"Control_KF","Control","KF",3,2,"Blue",31.6,31.3,NA,0.949367088607597
"507",2024-08-19,2024-08-22,11,"Control_KF","Control","KF",3,3,"Blue",29.4,29,NA,1.36054421768707
"508",2024-08-19,2024-08-22,11,"Control_KF","Control","KF",3,4,"Blue",34.8,33.4,NA,4.02298850574712
"509",2024-08-19,2024-08-22,11,"Control_KF","Control","KF",3,5,"Blue",36.4,36.4,NA,0
"510",2024-08-19,2024-08-22,11,"Control_KF","Control","KF",3,6,"Blue",56.1,56.2,NA,-0.178253119429593
"511",2024-08-19,2024-08-22,11,"Control_KF","Control","KF",3,7,"Blue",37.9,37.3,NA,1.58311345646438
"512",2024-08-19,2024-08-22,11,"Control_KF","Control","KF",3,8,"Blue",56.6,57.1,NA,-0.88339222614841
"513",2024-08-19,2024-08-22,11,"Control_KF","Control","KF",3,9,"Blue",35.4,35.6,NA,-0.564971751412437
"514",2024-08-19,2024-08-22,11,"Control_KF","Control","KF",3,10,"Blue",47.8,48.4,NA,-1.25523012552302
"515",2024-08-19,2024-08-22,11,"Control_KF","Control","KF",3,11,"Blue",39.5,52.8,NA,-33.6708860759494
"516",2024-08-19,2024-08-22,11,"Control_KF","Control","KF",3,12,"Blue",59.3,59.9,NA,-1.01180438448567
"517",2024-08-19,2024-08-22,11,"Control_B","Control","B",4,1,"Black",54.2,48.8,NA,9.96309963099632
"518",2024-08-19,2024-08-22,11,"Control_B","Control","B",4,2,"Black",57.9,39.9,NA,31.0880829015544
"519",2024-08-19,2024-08-22,11,"Control_B","Control","B",4,3,"Black",54.7,49.6,NA,9.3235831809872
"520",2024-08-19,2024-08-22,11,"Control_B","Control","B",4,4,"Black",61.1,57.7,NA,5.5646481178396
"521",2024-08-19,2024-08-22,11,"Control_B","Control","B",4,5,"Black",57.8,20.9,NA,63.840830449827
"522",2024-08-19,2024-08-22,11,"Control_B","Control","B",4,6,"Black",43,28.5,NA,33.7209302325581
"523",2024-08-19,2024-08-22,11,"Control_B","Control","B",4,7,"Black",44.8,31.5,NA,29.6875
"524",2024-08-19,2024-08-22,11,"Control_B","Control","B",4,8,"Black",47.9,31,NA,35.2818371607516
"525",2024-08-19,2024-08-22,11,"Control_B","Control","B",4,9,"Black",49.8,49.8,NA,0
"526",2024-08-19,2024-08-22,11,"Control_B","Control","B",4,10,"Black",49.3,48.5,NA,1.62271805273833
"527",2024-08-19,2024-08-22,11,"Control_B","Control","B",4,11,"Black",65.4,63.9,NA,2.29357798165139
"528",2024-08-19,2024-08-22,11,"Control_B","Control","B",4,12,"Black",66.2,63.8,NA,3.62537764350454
"529",2024-08-24,2024-08-28,12,"Control_KF","Control","KF",1,1,"Green",63.4,65.2,NA,-2.83911671924291
"530",2024-08-24,NA,12,"Control_KF","Control","KF",1,2,"Green",51.1,52.9,NA,-3.5225048923679
"531",2024-08-24,NA,12,"Control_KF","Control","KF",1,3,"Green",29.4,29.5,NA,-0.340136054421774
"532",2024-08-24,NA,12,"Control_KF","Control","KF",1,4,"Green",23.6,24.4,NA,-3.38983050847456
"533",2024-08-24,NA,12,"Control_KF","Control","KF",1,5,"Green",40.9,41.7,NA,-1.95599022004891
"534",2024-08-24,NA,12,"Control_KF","Control","KF",1,6,"Green",25.4,25.5,NA,-0.39370078740158
"535",2024-08-24,NA,12,"Control_KF","Control","KF",1,7,"Green",51.1,54.6,NA,-6.84931506849315
"536",2024-08-24,NA,12,"Control_KF","Control","KF",1,8,"Green",56.4,56.2,NA,0.354609929078007
"537",2024-08-24,NA,12,"Control_KF","Control","KF",1,9,"Green",56.6,57.1,NA,-0.88339222614841
"538",2024-08-24,NA,12,"Control_KF","Control","KF",1,10,"Green",18,17.9,NA,0.555555555555563
"539",2024-08-24,NA,12,"Control_KF","Control","KF",1,11,"Green",29.4,29.4,NA,0
"540",2024-08-24,NA,12,"Control_KF","Control","KF",1,12,"Green",50.6,53.2,NA,-5.13833992094862
"541",2024-08-24,NA,12,"Star_KF","Star","KF",2,1,"Red",35,35.9,NA,-2.57142857142857
"542",2024-08-24,NA,12,"Star_KF","Star","KF",2,2,"Red",41,40.2,NA,1.95121951219512
"543",2024-08-24,NA,12,"Star_KF","Star","KF",2,3,"Red",66,68,NA,-3.03030303030303
"544",2024-08-24,NA,12,"Star_KF","Star","KF",2,4,"Red",41.3,42.1,NA,-1.93704600484263
"545",2024-08-24,NA,12,"Star_KF","Star","KF",2,5,"Red",44.3,44.6,NA,-0.677200902934547
"546",2024-08-24,NA,12,"Star_KF","Star","KF",2,6,"Red",36.7,36.8,NA,-0.272479564032682
"547",2024-08-24,NA,12,"Star_KF","Star","KF",2,7,"Red",42.6,43.7,NA,-2.58215962441315
"548",2024-08-24,NA,12,"Star_KF","Star","KF",2,8,"Red",34.6,34.6,NA,0
"549",2024-08-24,NA,12,"Star_KF","Star","KF",2,9,"Red",34.4,34.7,NA,-0.872093023255826
"550",2024-08-24,NA,12,"Star_KF","Star","KF",2,10,"Red",26.6,26.3,NA,1.12781954887218
"551",2024-08-24,NA,12,"Star_KF","Star","KF",2,11,"Red",28.7,29.2,NA,-1.74216027874564
"552",2024-08-24,NA,12,"Star_KF","Star","KF",2,12,"Red",36.8,35.8,NA,2.71739130434783
"553",2024-08-24,NA,12,"Star_B","Star","B",3,1,"Blue",24,11.2,NA,53.3333333333333
"554",2024-08-24,NA,12,"Star_B","Star","B",3,2,"Blue",62.5,61.6,NA,1.44
"555",2024-08-24,NA,12,"Star_B","Star","B",3,3,"Blue",65.8,65.2,NA,0.911854103343457
"556",2024-08-24,NA,12,"Star_B","Star","B",3,4,"Blue",64.9,64.3,NA,0.924499229583988
"557",2024-08-24,NA,12,"Star_B","Star","B",3,5,"Blue",29.4,30,NA,-2.04081632653062
"558",2024-08-24,NA,12,"Star_B","Star","B",3,6,"Blue",32.3,26.1,NA,19.1950464396285
"559",2024-08-24,NA,12,"Star_B","Star","B",3,7,"Blue",63.7,47.3,NA,25.74568288854
"560",2024-08-24,NA,12,"Star_B","Star","B",3,8,"Blue",24.1,20.5,NA,14.9377593360996
"561",2024-08-24,NA,12,"Star_B","Star","B",3,9,"Blue",26.6,24.3,NA,8.64661654135339
"562",2024-08-24,NA,12,"Star_B","Star","B",3,10,"Blue",29.5,28.6,NA,3.05084745762711
"563",2024-08-24,NA,12,"Star_B","Star","B",3,11,"Blue",48.8,47.8,NA,2.04918032786885
"564",2024-08-24,NA,12,"Star_B","Star","B",3,12,"Blue",22.7,22.9,NA,-0.881057268722464
"565",2024-08-24,NA,12,"Control_B","Control","B",4,1,"Black",48.4,43.3,NA,10.5371900826446
"566",2024-08-24,NA,12,"Control_B","Control","B",4,2,"Black",48.2,9.5,NA,80.2904564315353
"567",2024-08-24,NA,12,"Control_B","Control","B",4,3,"Black",64.5,62.4,NA,3.25581395348837
"568",2024-08-24,NA,12,"Control_B","Control","B",4,4,"Black",63.6,49.6,NA,22.0125786163522
"569",2024-08-24,NA,12,"Control_B","Control","B",4,5,"Black",56.1,48.2,NA,14.0819964349376
"570",2024-08-24,NA,12,"Control_B","Control","B",4,6,"Black",51.4,44.6,NA,13.2295719844358
"571",2024-08-24,NA,12,"Control_B","Control","B",4,7,"Black",53.5,52.1,NA,2.61682242990654
"572",2024-08-24,NA,12,"Control_B","Control","B",4,8,"Black",55,48.6,NA,11.6363636363636
"573",2024-08-24,NA,12,"Control_B","Control","B",4,9,"Black",41.8,31.9,NA,23.6842105263158
"574",2024-08-24,NA,12,"Control_B","Control","B",4,10,"Black",43.6,36.8,NA,15.5963302752294
"575",2024-08-24,NA,12,"Control_B","Control","B",4,11,"Black",46.3,44.2,NA,4.53563714902807
"576",2024-08-24,NA,12,"Control_B","Control","B",4,12,"Black",59.5,58.9,NA,1.00840336134454
